n_ptcl,time,
961,0,
index,pos[0],pos[1],pos[2],vel[0],vel[1],vel[2],force[0],force[1],force[2],dens,pres,eng,eng_dot,mass,
0,0.0158114,0.0158114,0,0,0,0,0,0,0,0.813786,0.325515,1,0,0.00104058,
1,0.0158114,0.0474342,0,0,0,0,0,0,0,1.02976,0.411902,1,0,0.00104058,
2,0.0158114,0.0790569,0,0,0,0,0,0,0,1.04051,0.416203,1,0,0.00104058,
3,0.0158114,0.11068,0,0,0,0,0,0,0,1.04051,0.416203,1,0,0.00104058,
4,0.0158114,0.142302,0,0,0,0,0,0,0,1.04051,0.416203,1,0,0.00104058,
5,0.0158114,0.173925,0,0,0,0,0,0,0,1.04051,0.416203,1,0,0.00104058,
6,0.0158114,0.205548,0,0,0,0,0,0,0,1.04051,0.416203,1,0,0.00104058,
7,0.0158114,0.237171,0,0,0,0,0,0,0,1.04051,0.416203,1,0,0.00104058,
8,0.0158114,0.268794,0,0,0,0,0,0,0,1.04051,0.416203,1,0,0.00104058,
9,0.0158114,0.300416,0,0,0,0,0,0,0,1.04051,0.416203,1,0,0.00104058,
10,0.0158114,0.332039,0,0,0,0,0,0,0,1.04051,0.416203,1,0,0.00104058,
11,0.0158114,0.363662,0,0,0,0,0,0,0,1.04051,0.416203,1,0,0.00104058,
12,0.0158114,0.395285,0,0,0,0,0,0,0,1.04051,0.416203,1,0,0.00104058,
13,0.0158114,0.426907,0,0,0,0,0,0,0,1.04051,0.416203,1,0,0.00104058,
14,0.0158114,0.45853,0,0,0,0,0,0,0,1.04051,0.416203,1,0,0.00104058,
15,0.0158114,0.490153,0,0,0,0,0,0,0,1.04051,0.416203,1,0,0.00104058,
16,0.0158114,0.521776,0,0,0,0,0,0,0,1.04051,0.416203,1,0,0.00104058,
17,0.0158114,0.553399,0,0,0,0,0,0,0,1.04051,0.416203,1,0,0.00104058,
18,0.0158114,0.585021,0,0,0,0,0,0,0,1.04051,0.416203,1,0,0.00104058,
19,0.0158114,0.616644,0,0,0,0,0,0,0,1.04051,0.416203,1,0,0.00104058,
20,0.0158114,0.648267,0,0,0,0,0,0,0,1.04051,0.416203,1,0,0.00104058,
21,0.0158114,0.67989,0,0,0,0,0,0,0,1.04051,0.416203,1,0,0.00104058,
22,0.0158114,0.711512,0,0,0,0,0,0,0,1.04051,0.416203,1,0,0.00104058,
23,0.0158114,0.743135,0,0,0,0,0,0,0,1.04051,0.416203,1,0,0.00104058,
24,0.0158114,0.774758,0,0,0,0,0,0,0,1.04051,0.416203,1,0,0.00104058,
25,0.0158114,0.806381,0,0,0,0,0,0,0,1.04051,0.416203,1,0,0.00104058,
26,0.0158114,0.838004,0,0,0,0,0,0,0,1.04051,0.416203,1,0,0.00104058,
27,0.0158114,0.869626,0,0,0,0,0,0,0,1.04051,0.416203,1,0,0.00104058,
28,0.0158114,0.901249,0,0,0,0,0,0,0,1.04051,0.416203,1,0,0.00104058,
29,0.0158114,0.932872,0,0,0,0,0,0,0,1.02976,0.411902,1,0,0.00104058,
30,0.0158114,0.964495,0,0,0,0,0,0,0,0.813786,0.325515,1,0,0.00104058,
31,0.0474342,0.0158114,0,0,0,0,0,0,0,0.813786,0.325515,1,0,0.00104058,
32,0.0474342,0.0474342,0,0,0,0,0,0,0,1.02976,0.411902,1,0,0.00104058,
33,0.0474342,0.0790569,0,0,0,0,0,0,0,1.04051,0.416203,1,0,0.00104058,
34,0.0474342,0.11068,0,0,0,0,0,0,0,1.04051,0.416203,1,0,0.00104058,
35,0.0474342,0.142302,0,0,0,0,0,0,0,1.04051,0.416203,1,0,0.00104058,
36,0.0474342,0.173925,0,0,0,0,0,0,0,1.04051,0.416203,1,0,0.00104058,
37,0.0474342,0.205548,0,0,0,0,0,0,0,1.04051,0.416203,1,0,0.00104058,
38,0.0474342,0.237171,0,0,0,0,0,0,0,1.04051,0.416203,1,0,0.00104058,
39,0.0474342,0.268794,0,0,0,0,0,0,0,1.04051,0.416203,1,0,0.00104058,
40,0.0474342,0.300416,0,0,0,0,0,0,0,1.04051,0.416203,1,0,0.00104058,
41,0.0474342,0.332039,0,0,0,0,0,0,0,1.04051,0.416203,1,0,0.00104058,
42,0.0474342,0.363662,0,0,0,0,0,0,0,1.04051,0.416203,1,0,0.00104058,
43,0.0474342,0.395285,0,0,0,0,0,0,0,1.04051,0.416203,1,0,0.00104058,
44,0.0474342,0.426907,0,0,0,0,0,0,0,1.04051,0.416203,1,0,0.00104058,
45,0.0474342,0.45853,0,0,0,0,0,0,0,1.04051,0.416203,1,0,0.00104058,
46,0.0474342,0.490153,0,0,0,0,0,0,0,1.04051,0.416203,1,0,0.00104058,
47,0.0474342,0.521776,0,0,0,0,0,0,0,1.04051,0.416203,1,0,0.00104058,
48,0.0474342,0.553399,0,0,0,0,0,0,0,1.04051,0.416203,1,0,0.00104058,
49,0.0474342,0.585021,0,0,0,0,0,0,0,1.04051,0.416203,1,0,0.00104058,
50,0.0474342,0.616644,0,0,0,0,0,0,0,1.04051,0.416203,1,0,0.00104058,
51,0.0474342,0.648267,0,0,0,0,0,0,0,1.04051,0.416203,1,0,0.00104058,
52,0.0474342,0.67989,0,0,0,0,0,0,0,1.04051,0.416203,1,0,0.00104058,
53,0.0474342,0.711512,0,0,0,0,0,0,0,1.04051,0.416203,1,0,0.00104058,
54,0.0474342,0.743135,0,0,0,0,0,0,0,1.04051,0.416203,1,0,0.00104058,
55,0.0474342,0.774758,0,0,0,0,0,0,0,1.04051,0.416203,1,0,0.00104058,
56,0.0474342,0.806381,0,0,0,0,0,0,0,1.04051,0.416203,1,0,0.00104058,
57,0.0474342,0.838004,0,0,0,0,0,0,0,1.04051,0.416203,1,0,0.00104058,
58,0.0474342,0.869626,0,0,0,0,0,0,0,1.04051,0.416203,1,0,0.00104058,
59,0.0474342,0.901249,0,0,0,0,0,0,0,1.04051,0.416203,1,0,0.00104058,
60,0.0474342,0.932872,0,0,0,0,0,0,0,1.02976,0.411902,1,0,0.00104058,
61,0.0474342,0.964495,0,0,0,0,0,0,0,0.813786,0.325515,1,0,0.00104058,
62,0.0790569,0.0158114,0,0,0,0,0,0,0,0.813786,0.325515,1,0,0.00104058,
63,0.0790569,0.0474342,0,0,0,0,0,0,0,1.02976,0.411902,1,0,0.00104058,
64,0.0790569,0.0790569,0,0,0,0,0,0,0,1.04051,0.416203,1,0,0.00104058,
65,0.0790569,0.11068,0,0,0,0,0,0,0,1.04051,0.416203,1,0,0.00104058,
66,0.0790569,0.142302,0,0,0,0,0,0,0,1.04051,0.416203,1,0,0.00104058,
67,0.0790569,0.173925,0,0,0,0,0,0,0,1.04051,0.416203,1,0,0.00104058,
68,0.0790569,0.205548,0,0,0,0,0,0,0,1.04051,0.416203,1,0,0.00104058,
69,0.0790569,0.237171,0,0,0,0,0,0,0,1.04051,0.416203,1,0,0.00104058,
70,0.0790569,0.268794,0,0,0,0,0,0,0,1.04051,0.416203,1,0,0.00104058,
71,0.0790569,0.300416,0,0,0,0,0,0,0,1.04051,0.416203,1,0,0.00104058,
72,0.0790569,0.332039,0,0,0,0,0,0,0,1.04051,0.416203,1,0,0.00104058,
73,0.0790569,0.363662,0,0,0,0,0,0,0,1.04051,0.416203,1,0,0.00104058,
74,0.0790569,0.395285,0,0,0,0,0,0,0,1.04051,0.416203,1,0,0.00104058,
75,0.0790569,0.426907,0,0,0,0,0,0,0,1.04051,0.416203,1,0,0.00104058,
76,0.0790569,0.45853,0,0,0,0,0,0,0,1.04051,0.416203,1,0,0.00104058,
77,0.0790569,0.490153,0,0,0,0,0,0,0,1.04051,0.416203,1,0,0.00104058,
78,0.0790569,0.521776,0,0,0,0,0,0,0,1.04051,0.416203,1,0,0.00104058,
79,0.0790569,0.553399,0,0,0,0,0,0,0,1.04051,0.416203,1,0,0.00104058,
80,0.0790569,0.585021,0,0,0,0,0,0,0,1.04051,0.416203,1,0,0.00104058,
81,0.0790569,0.616644,0,0,0,0,0,0,0,1.04051,0.416203,1,0,0.00104058,
82,0.0790569,0.648267,0,0,0,0,0,0,0,1.04051,0.416203,1,0,0.00104058,
83,0.0790569,0.67989,0,0,0,0,0,0,0,1.04051,0.416203,1,0,0.00104058,
84,0.0790569,0.711512,0,0,0,0,0,0,0,1.04051,0.416203,1,0,0.00104058,
85,0.0790569,0.743135,0,0,0,0,0,0,0,1.04051,0.416203,1,0,0.00104058,
86,0.0790569,0.774758,0,0,0,0,0,0,0,1.04051,0.416203,1,0,0.00104058,
87,0.0790569,0.806381,0,0,0,0,0,0,0,1.04051,0.416203,1,0,0.00104058,
88,0.0790569,0.838004,0,0,0,0,0,0,0,1.04051,0.416203,1,0,0.00104058,
89,0.0790569,0.869626,0,0,0,0,0,0,0,1.04051,0.416203,1,0,0.00104058,
90,0.0790569,0.901249,0,0,0,0,0,0,0,1.04051,0.416203,1,0,0.00104058,
91,0.0790569,0.932872,0,0,0,0,0,0,0,1.02976,0.411902,1,0,0.00104058,
92,0.0790569,0.964495,0,0,0,0,0,0,0,0.813786,0.325515,1,0,0.00104058,
93,0.11068,0.0158114,0,0,0,0,0,0,0,0.813786,0.325515,1,0,0.00104058,
94,0.11068,0.0474342,0,0,0,0,0,0,0,1.02976,0.411902,1,0,0.00104058,
95,0.11068,0.0790569,0,0,0,0,0,0,0,1.04051,0.416203,1,0,0.00104058,
96,0.11068,0.11068,0,0,0,0,0,0,0,1.04051,0.416203,1,0,0.00104058,
97,0.11068,0.142302,0,0,0,0,0,0,0,1.04051,0.416203,1,0,0.00104058,
98,0.11068,0.173925,0,0,0,0,0,0,0,1.04051,0.416203,1,0,0.00104058,
99,0.11068,0.205548,0,0,0,0,0,0,0,1.04051,0.416203,1,0,0.00104058,
100,0.11068,0.237171,0,0,0,0,0,0,0,1.04051,0.416203,1,0,0.00104058,
101,0.11068,0.268794,0,0,0,0,0,0,0,1.04051,0.416203,1,0,0.00104058,
102,0.11068,0.300416,0,0,0,0,0,0,0,1.04051,0.416203,1,0,0.00104058,
103,0.11068,0.332039,0,0,0,0,0,0,0,1.04051,0.416203,1,0,0.00104058,
104,0.11068,0.363662,0,0,0,0,0,0,0,1.04051,0.416203,1,0,0.00104058,
105,0.11068,0.395285,0,0,0,0,0,0,0,1.04051,0.416203,1,0,0.00104058,
106,0.11068,0.426907,0,0,0,0,0,0,0,1.04051,0.416203,1,0,0.00104058,
107,0.11068,0.45853,0,0,0,0,0,0,0,1.04051,0.416203,1,0,0.00104058,
108,0.11068,0.490153,0,0,0,0,0,0,0,1.04051,0.416203,1,0,0.00104058,
109,0.11068,0.521776,0,0,0,0,0,0,0,1.04051,0.416203,1,0,0.00104058,
110,0.11068,0.553399,0,0,0,0,0,0,0,1.04051,0.416203,1,0,0.00104058,
111,0.11068,0.585021,0,0,0,0,0,0,0,1.04051,0.416203,1,0,0.00104058,
112,0.11068,0.616644,0,0,0,0,0,0,0,1.04051,0.416203,1,0,0.00104058,
113,0.11068,0.648267,0,0,0,0,0,0,0,1.04051,0.416203,1,0,0.00104058,
114,0.11068,0.67989,0,0,0,0,0,0,0,1.04051,0.416203,1,0,0.00104058,
115,0.11068,0.711512,0,0,0,0,0,0,0,1.04051,0.416203,1,0,0.00104058,
116,0.11068,0.743135,0,0,0,0,0,0,0,1.04051,0.416203,1,0,0.00104058,
117,0.11068,0.774758,0,0,0,0,0,0,0,1.04051,0.416203,1,0,0.00104058,
118,0.11068,0.806381,0,0,0,0,0,0,0,1.04051,0.416203,1,0,0.00104058,
119,0.11068,0.838004,0,0,0,0,0,0,0,1.04051,0.416203,1,0,0.00104058,
120,0.11068,0.869626,0,0,0,0,0,0,0,1.04051,0.416203,1,0,0.00104058,
121,0.11068,0.901249,0,0,0,0,0,0,0,1.04051,0.416203,1,0,0.00104058,
122,0.11068,0.932872,0,0,0,0,0,0,0,1.02976,0.411902,1,0,0.00104058,
123,0.11068,0.964495,0,0,0,0,0,0,0,0.813786,0.325515,1,0,0.00104058,
124,0.142302,0.0158114,0,0,0,0,0,0,0,0.813786,0.325515,1,0,0.00104058,
125,0.142302,0.0474342,0,0,0,0,0,0,0,1.02976,0.411902,1,0,0.00104058,
126,0.142302,0.0790569,0,0,0,0,0,0,0,1.04051,0.416203,1,0,0.00104058,
127,0.142302,0.11068,0,0,0,0,0,0,0,1.04051,0.416203,1,0,0.00104058,
128,0.142302,0.142302,0,0,0,0,0,0,0,1.04051,0.416203,1,0,0.00104058,
129,0.142302,0.173925,0,0,0,0,0,0,0,1.04051,0.416203,1,0,0.00104058,
130,0.142302,0.205548,0,0,0,0,0,0,0,1.04051,0.416203,1,0,0.00104058,
131,0.142302,0.237171,0,0,0,0,0,0,0,1.04051,0.416203,1,0,0.00104058,
132,0.142302,0.268794,0,0,0,0,0,0,0,1.04051,0.416203,1,0,0.00104058,
133,0.142302,0.300416,0,0,0,0,0,0,0,1.04051,0.416203,1,0,0.00104058,
134,0.142302,0.332039,0,0,0,0,0,0,0,1.04051,0.416203,1,0,0.00104058,
135,0.142302,0.363662,0,0,0,0,0,0,0,1.04051,0.416203,1,0,0.00104058,
136,0.142302,0.395285,0,0,0,0,0,0,0,1.04051,0.416203,1,0,0.00104058,
137,0.142302,0.426907,0,0,0,0,0,0,0,1.04051,0.416203,1,0,0.00104058,
138,0.142302,0.45853,0,0,0,0,0,0,0,1.04051,0.416203,1,0,0.00104058,
139,0.142302,0.490153,0,0,0,0,0,0,0,1.04051,0.416203,1,0,0.00104058,
140,0.142302,0.521776,0,0,0,0,0,0,0,1.04051,0.416203,1,0,0.00104058,
141,0.142302,0.553399,0,0,0,0,0,0,0,1.04051,0.416203,1,0,0.00104058,
142,0.142302,0.585021,0,0,0,0,0,0,0,1.04051,0.416203,1,0,0.00104058,
143,0.142302,0.616644,0,0,0,0,0,0,0,1.04051,0.416203,1,0,0.00104058,
144,0.142302,0.648267,0,0,0,0,0,0,0,1.04051,0.416203,1,0,0.00104058,
145,0.142302,0.67989,0,0,0,0,0,0,0,1.04051,0.416203,1,0,0.00104058,
146,0.142302,0.711512,0,0,0,0,0,0,0,1.04051,0.416203,1,0,0.00104058,
147,0.142302,0.743135,0,0,0,0,0,0,0,1.04051,0.416203,1,0,0.00104058,
148,0.142302,0.774758,0,0,0,0,0,0,0,1.04051,0.416203,1,0,0.00104058,
149,0.142302,0.806381,0,0,0,0,0,0,0,1.04051,0.416203,1,0,0.00104058,
150,0.142302,0.838004,0,0,0,0,0,0,0,1.04051,0.416203,1,0,0.00104058,
151,0.142302,0.869626,0,0,0,0,0,0,0,1.04051,0.416203,1,0,0.00104058,
152,0.142302,0.901249,0,0,0,0,0,0,0,1.04051,0.416203,1,0,0.00104058,
153,0.142302,0.932872,0,0,0,0,0,0,0,1.02976,0.411902,1,0,0.00104058,
154,0.142302,0.964495,0,0,0,0,0,0,0,0.813786,0.325515,1,0,0.00104058,
155,0.173925,0.0158114,0,0,0,0,0,0,0,0.813786,0.325515,1,0,0.00104058,
156,0.173925,0.0474342,0,0,0,0,0,0,0,1.02976,0.411902,1,0,0.00104058,
157,0.173925,0.0790569,0,0,0,0,0,0,0,1.04051,0.416203,1,0,0.00104058,
158,0.173925,0.11068,0,0,0,0,0,0,0,1.04051,0.416203,1,0,0.00104058,
159,0.173925,0.142302,0,0,0,0,0,0,0,1.04051,0.416203,1,0,0.00104058,
160,0.173925,0.173925,0,0,0,0,0,0,0,1.04051,0.416203,1,0,0.00104058,
161,0.173925,0.205548,0,0,0,0,0,0,0,1.04051,0.416203,1,0,0.00104058,
162,0.173925,0.237171,0,0,0,0,0,0,0,1.04051,0.416203,1,0,0.00104058,
163,0.173925,0.268794,0,0,0,0,0,0,0,1.04051,0.416203,1,0,0.00104058,
164,0.173925,0.300416,0,0,0,0,0,0,0,1.04051,0.416203,1,0,0.00104058,
165,0.173925,0.332039,0,0,0,0,0,0,0,1.04051,0.416203,1,0,0.00104058,
166,0.173925,0.363662,0,0,0,0,0,0,0,1.04051,0.416203,1,0,0.00104058,
167,0.173925,0.395285,0,0,0,0,0,0,0,1.04051,0.416203,1,0,0.00104058,
168,0.173925,0.426907,0,0,0,0,0,0,0,1.04051,0.416203,1,0,0.00104058,
169,0.173925,0.45853,0,0,0,0,0,0,0,1.04051,0.416203,1,0,0.00104058,
170,0.173925,0.490153,0,0,0,0,0,0,0,1.04051,0.416203,1,0,0.00104058,
171,0.173925,0.521776,0,0,0,0,0,0,0,1.04051,0.416203,1,0,0.00104058,
172,0.173925,0.553399,0,0,0,0,0,0,0,1.04051,0.416203,1,0,0.00104058,
173,0.173925,0.585021,0,0,0,0,0,0,0,1.04051,0.416203,1,0,0.00104058,
174,0.173925,0.616644,0,0,0,0,0,0,0,1.04051,0.416203,1,0,0.00104058,
175,0.173925,0.648267,0,0,0,0,0,0,0,1.04051,0.416203,1,0,0.00104058,
176,0.173925,0.67989,0,0,0,0,0,0,0,1.04051,0.416203,1,0,0.00104058,
177,0.173925,0.711512,0,0,0,0,0,0,0,1.04051,0.416203,1,0,0.00104058,
178,0.173925,0.743135,0,0,0,0,0,0,0,1.04051,0.416203,1,0,0.00104058,
179,0.173925,0.774758,0,0,0,0,0,0,0,1.04051,0.416203,1,0,0.00104058,
180,0.173925,0.806381,0,0,0,0,0,0,0,1.04051,0.416203,1,0,0.00104058,
181,0.173925,0.838004,0,0,0,0,0,0,0,1.04051,0.416203,1,0,0.00104058,
182,0.173925,0.869626,0,0,0,0,0,0,0,1.04051,0.416203,1,0,0.00104058,
183,0.173925,0.901249,0,0,0,0,0,0,0,1.04051,0.416203,1,0,0.00104058,
184,0.173925,0.932872,0,0,0,0,0,0,0,1.02976,0.411902,1,0,0.00104058,
185,0.173925,0.964495,0,0,0,0,0,0,0,0.813786,0.325515,1,0,0.00104058,
186,0.205548,0.0158114,0,0,0,0,0,0,0,0.813786,0.325515,1,0,0.00104058,
187,0.205548,0.0474342,0,0,0,0,0,0,0,1.02976,0.411902,1,0,0.00104058,
188,0.205548,0.0790569,0,0,0,0,0,0,0,1.04051,0.416203,1,0,0.00104058,
189,0.205548,0.11068,0,0,0,0,0,0,0,1.04051,0.416203,1,0,0.00104058,
190,0.205548,0.142302,0,0,0,0,0,0,0,1.04051,0.416203,1,0,0.00104058,
191,0.205548,0.173925,0,0,0,0,0,0,0,1.04051,0.416203,1,0,0.00104058,
192,0.205548,0.205548,0,0,0,0,0,0,0,1.04051,0.416203,1,0,0.00104058,
193,0.205548,0.237171,0,0,0,0,0,0,0,1.04051,0.416203,1,0,0.00104058,
194,0.205548,0.268794,0,0,0,0,0,0,0,1.04051,0.416203,1,0,0.00104058,
195,0.205548,0.300416,0,0,0,0,0,0,0,1.04051,0.416203,1,0,0.00104058,
196,0.205548,0.332039,0,0,0,0,0,0,0,1.04051,0.416203,1,0,0.00104058,
197,0.205548,0.363662,0,0,0,0,0,0,0,1.04051,0.416203,1,0,0.00104058,
198,0.205548,0.395285,0,0,0,0,0,0,0,1.04051,0.416203,1,0,0.00104058,
199,0.205548,0.426907,0,0,0,0,0,0,0,1.04051,0.416203,1,0,0.00104058,
200,0.205548,0.45853,0,0,0,0,0,0,0,1.04051,0.416203,1,0,0.00104058,
201,0.205548,0.490153,0,0,0,0,0,0,0,1.04051,0.416203,1,0,0.00104058,
202,0.205548,0.521776,0,0,0,0,0,0,0,1.04051,0.416203,1,0,0.00104058,
203,0.205548,0.553399,0,0,0,0,0,0,0,1.04051,0.416203,1,0,0.00104058,
204,0.205548,0.585021,0,0,0,0,0,0,0,1.04051,0.416203,1,0,0.00104058,
205,0.205548,0.616644,0,0,0,0,0,0,0,1.04051,0.416203,1,0,0.00104058,
206,0.205548,0.648267,0,0,0,0,0,0,0,1.04051,0.416203,1,0,0.00104058,
207,0.205548,0.67989,0,0,0,0,0,0,0,1.04051,0.416203,1,0,0.00104058,
208,0.205548,0.711512,0,0,0,0,0,0,0,1.04051,0.416203,1,0,0.00104058,
209,0.205548,0.743135,0,0,0,0,0,0,0,1.04051,0.416203,1,0,0.00104058,
210,0.205548,0.774758,0,0,0,0,0,0,0,1.04051,0.416203,1,0,0.00104058,
211,0.205548,0.806381,0,0,0,0,0,0,0,1.04051,0.416203,1,0,0.00104058,
212,0.205548,0.838004,0,0,0,0,0,0,0,1.04051,0.416203,1,0,0.00104058,
213,0.205548,0.869626,0,0,0,0,0,0,0,1.04051,0.416203,1,0,0.00104058,
214,0.205548,0.901249,0,0,0,0,0,0,0,1.04051,0.416203,1,0,0.00104058,
215,0.205548,0.932872,0,0,0,0,0,0,0,1.02976,0.411902,1,0,0.00104058,
216,0.205548,0.964495,0,0,0,0,0,0,0,0.813786,0.325515,1,0,0.00104058,
217,0.237171,0.0158114,0,0,0,0,0,0,0,0.813786,0.325515,1,0,0.00104058,
218,0.237171,0.0474342,0,0,0,0,0,0,0,1.02976,0.411902,1,0,0.00104058,
219,0.237171,0.0790569,0,0,0,0,0,0,0,1.04051,0.416203,1,0,0.00104058,
220,0.237171,0.11068,0,0,0,0,0,0,0,1.04051,0.416203,1,0,0.00104058,
221,0.237171,0.142302,0,0,0,0,0,0,0,1.04051,0.416203,1,0,0.00104058,
222,0.237171,0.173925,0,0,0,0,0,0,0,1.04051,0.416203,1,0,0.00104058,
223,0.237171,0.205548,0,0,0,0,0,0,0,1.04051,0.416203,1,0,0.00104058,
224,0.237171,0.237171,0,0,0,0,0,0,0,1.04051,0.416203,1,0,0.00104058,
225,0.237171,0.268794,0,0,0,0,0,0,0,1.04051,0.416203,1,0,0.00104058,
226,0.237171,0.300416,0,0,0,0,0,0,0,1.04051,0.416203,1,0,0.00104058,
227,0.237171,0.332039,0,0,0,0,0,0,0,1.04051,0.416203,1,0,0.00104058,
228,0.237171,0.363662,0,0,0,0,0,0,0,1.04051,0.416203,1,0,0.00104058,
229,0.237171,0.395285,0,0,0,0,0,0,0,1.04051,0.416203,1,0,0.00104058,
230,0.237171,0.426907,0,0,0,0,0,0,0,1.04051,0.416203,1,0,0.00104058,
231,0.237171,0.45853,0,0,0,0,0,0,0,1.04051,0.416203,1,0,0.00104058,
232,0.237171,0.490153,0,0,0,0,0,0,0,1.04051,0.416203,1,0,0.00104058,
233,0.237171,0.521776,0,0,0,0,0,0,0,1.04051,0.416203,1,0,0.00104058,
234,0.237171,0.553399,0,0,0,0,0,0,0,1.04051,0.416203,1,0,0.00104058,
235,0.237171,0.585021,0,0,0,0,0,0,0,1.04051,0.416203,1,0,0.00104058,
236,0.237171,0.616644,0,0,0,0,0,0,0,1.04051,0.416203,1,0,0.00104058,
237,0.237171,0.648267,0,0,0,0,0,0,0,1.04051,0.416203,1,0,0.00104058,
238,0.237171,0.67989,0,0,0,0,0,0,0,1.04051,0.416203,1,0,0.00104058,
239,0.237171,0.711512,0,0,0,0,0,0,0,1.04051,0.416203,1,0,0.00104058,
240,0.237171,0.743135,0,0,0,0,0,0,0,1.04051,0.416203,1,0,0.00104058,
241,0.237171,0.774758,0,0,0,0,0,0,0,1.04051,0.416203,1,0,0.00104058,
242,0.237171,0.806381,0,0,0,0,0,0,0,1.04051,0.416203,1,0,0.00104058,
243,0.237171,0.838004,0,0,0,0,0,0,0,1.04051,0.416203,1,0,0.00104058,
244,0.237171,0.869626,0,0,0,0,0,0,0,1.04051,0.416203,1,0,0.00104058,
245,0.237171,0.901249,0,0,0,0,0,0,0,1.04051,0.416203,1,0,0.00104058,
246,0.237171,0.932872,0,0,0,0,0,0,0,1.02976,0.411902,1,0,0.00104058,
247,0.237171,0.964495,0,0,0,0,0,0,0,0.813786,0.325515,1,0,0.00104058,
248,0.268794,0.0158114,0,0,0,0,0,0,0,0.813786,0.325515,1,0,0.00104058,
249,0.268794,0.0474342,0,0,0,0,0,0,0,1.02976,0.411902,1,0,0.00104058,
250,0.268794,0.0790569,0,0,0,0,0,0,0,1.04051,0.416203,1,0,0.00104058,
251,0.268794,0.11068,0,0,0,0,0,0,0,1.04051,0.416203,1,0,0.00104058,
252,0.268794,0.142302,0,0,0,0,0,0,0,1.04051,0.416203,1,0,0.00104058,
253,0.268794,0.173925,0,0,0,0,0,0,0,1.04051,0.416203,1,0,0.00104058,
254,0.268794,0.205548,0,0,0,0,0,0,0,1.04051,0.416203,1,0,0.00104058,
255,0.268794,0.237171,0,0,0,0,0,0,0,1.04051,0.416203,1,0,0.00104058,
256,0.268794,0.268794,0,0,0,0,0,0,0,1.04051,0.416203,1,0,0.00104058,
257,0.268794,0.300416,0,0,0,0,0,0,0,1.04051,0.416203,1,0,0.00104058,
258,0.268794,0.332039,0,0,0,0,0,0,0,1.04051,0.416203,1,0,0.00104058,
259,0.268794,0.363662,0,0,0,0,0,0,0,1.04051,0.416203,1,0,0.00104058,
260,0.268794,0.395285,0,0,0,0,0,0,0,1.04051,0.416203,1,0,0.00104058,
261,0.268794,0.426907,0,0,0,0,0,0,0,1.04051,0.416203,1,0,0.00104058,
262,0.268794,0.45853,0,0,0,0,0,0,0,1.04051,0.416203,1,0,0.00104058,
263,0.268794,0.490153,0,0,0,0,0,0,0,1.04051,0.416203,1,0,0.00104058,
264,0.268794,0.521776,0,0,0,0,0,0,0,1.04051,0.416203,1,0,0.00104058,
265,0.268794,0.553399,0,0,0,0,0,0,0,1.04051,0.416203,1,0,0.00104058,
266,0.268794,0.585021,0,0,0,0,0,0,0,1.04051,0.416203,1,0,0.00104058,
267,0.268794,0.616644,0,0,0,0,0,0,0,1.04051,0.416203,1,0,0.00104058,
268,0.268794,0.648267,0,0,0,0,0,0,0,1.04051,0.416203,1,0,0.00104058,
269,0.268794,0.67989,0,0,0,0,0,0,0,1.04051,0.416203,1,0,0.00104058,
270,0.268794,0.711512,0,0,0,0,0,0,0,1.04051,0.416203,1,0,0.00104058,
271,0.268794,0.743135,0,0,0,0,0,0,0,1.04051,0.416203,1,0,0.00104058,
272,0.268794,0.774758,0,0,0,0,0,0,0,1.04051,0.416203,1,0,0.00104058,
273,0.268794,0.806381,0,0,0,0,0,0,0,1.04051,0.416203,1,0,0.00104058,
274,0.268794,0.838004,0,0,0,0,0,0,0,1.04051,0.416203,1,0,0.00104058,
275,0.268794,0.869626,0,0,0,0,0,0,0,1.04051,0.416203,1,0,0.00104058,
276,0.268794,0.901249,0,0,0,0,0,0,0,1.04051,0.416203,1,0,0.00104058,
277,0.268794,0.932872,0,0,0,0,0,0,0,1.02976,0.411902,1,0,0.00104058,
278,0.268794,0.964495,0,0,0,0,0,0,0,0.813786,0.325515,1,0,0.00104058,
279,0.300416,0.0158114,0,0,0,0,0,0,0,0.813786,0.325515,1,0,0.00104058,
280,0.300416,0.0474342,0,0,0,0,0,0,0,1.02976,0.411902,1,0,0.00104058,
281,0.300416,0.0790569,0,0,0,0,0,0,0,1.04051,0.416203,1,0,0.00104058,
282,0.300416,0.11068,0,0,0,0,0,0,0,1.04051,0.416203,1,0,0.00104058,
283,0.300416,0.142302,0,0,0,0,0,0,0,1.04051,0.416203,1,0,0.00104058,
284,0.300416,0.173925,0,0,0,0,0,0,0,1.04051,0.416203,1,0,0.00104058,
285,0.300416,0.205548,0,0,0,0,0,0,0,1.04051,0.416203,1,0,0.00104058,
286,0.300416,0.237171,0,0,0,0,0,0,0,1.04051,0.416203,1,0,0.00104058,
287,0.300416,0.268794,0,0,0,0,0,0,0,1.04051,0.416203,1,0,0.00104058,
288,0.300416,0.300416,0,0,0,0,0,0,0,1.04051,0.416203,1,0,0.00104058,
289,0.300416,0.332039,0,0,0,0,0,0,0,1.04051,0.416203,1,0,0.00104058,
290,0.300416,0.363662,0,0,0,0,0,0,0,1.04051,0.416203,1,0,0.00104058,
291,0.300416,0.395285,0,0,0,0,0,0,0,1.04051,0.416203,1,0,0.00104058,
292,0.300416,0.426907,0,0,0,0,0,0,0,1.04051,0.416203,1,0,0.00104058,
293,0.300416,0.45853,0,0,0,0,0,0,0,1.04051,0.416203,1,0,0.00104058,
294,0.300416,0.490153,0,0,0,0,0,0,0,1.04051,0.416203,1,0,0.00104058,
295,0.300416,0.521776,0,0,0,0,0,0,0,1.04051,0.416203,1,0,0.00104058,
296,0.300416,0.553399,0,0,0,0,0,0,0,1.04051,0.416203,1,0,0.00104058,
297,0.300416,0.585021,0,0,0,0,0,0,0,1.04051,0.416203,1,0,0.00104058,
298,0.300416,0.616644,0,0,0,0,0,0,0,1.04051,0.416203,1,0,0.00104058,
299,0.300416,0.648267,0,0,0,0,0,0,0,1.04051,0.416203,1,0,0.00104058,
300,0.300416,0.67989,0,0,0,0,0,0,0,1.04051,0.416203,1,0,0.00104058,
301,0.300416,0.711512,0,0,0,0,0,0,0,1.04051,0.416203,1,0,0.00104058,
302,0.300416,0.743135,0,0,0,0,0,0,0,1.04051,0.416203,1,0,0.00104058,
303,0.300416,0.774758,0,0,0,0,0,0,0,1.04051,0.416203,1,0,0.00104058,
304,0.300416,0.806381,0,0,0,0,0,0,0,1.04051,0.416203,1,0,0.00104058,
305,0.300416,0.838004,0,0,0,0,0,0,0,1.04051,0.416203,1,0,0.00104058,
306,0.300416,0.869626,0,0,0,0,0,0,0,1.04051,0.416203,1,0,0.00104058,
307,0.300416,0.901249,0,0,0,0,0,0,0,1.04051,0.416203,1,0,0.00104058,
308,0.300416,0.932872,0,0,0,0,0,0,0,1.02976,0.411902,1,0,0.00104058,
309,0.300416,0.964495,0,0,0,0,0,0,0,0.813786,0.325515,1,0,0.00104058,
310,0.332039,0.0158114,0,0,0,0,0,0,0,0.813786,0.325515,1,0,0.00104058,
311,0.332039,0.0474342,0,0,0,0,0,0,0,1.02976,0.411902,1,0,0.00104058,
312,0.332039,0.0790569,0,0,0,0,0,0,0,1.04051,0.416203,1,0,0.00104058,
313,0.332039,0.11068,0,0,0,0,0,0,0,1.04051,0.416203,1,0,0.00104058,
314,0.332039,0.142302,0,0,0,0,0,0,0,1.04051,0.416203,1,0,0.00104058,
315,0.332039,0.173925,0,0,0,0,0,0,0,1.04051,0.416203,1,0,0.00104058,
316,0.332039,0.205548,0,0,0,0,0,0,0,1.04051,0.416203,1,0,0.00104058,
317,0.332039,0.237171,0,0,0,0,0,0,0,1.04051,0.416203,1,0,0.00104058,
318,0.332039,0.268794,0,0,0,0,0,0,0,1.04051,0.416203,1,0,0.00104058,
319,0.332039,0.300416,0,0,0,0,0,0,0,1.04051,0.416203,1,0,0.00104058,
320,0.332039,0.332039,0,0,0,0,0,0,0,1.04051,0.416203,1,0,0.00104058,
321,0.332039,0.363662,0,0,0,0,0,0,0,1.04051,0.416203,1,0,0.00104058,
322,0.332039,0.395285,0,0,0,0,0,0,0,1.04051,0.416203,1,0,0.00104058,
323,0.332039,0.426907,0,0,0,0,0,0,0,1.04051,0.416203,1,0,0.00104058,
324,0.332039,0.45853,0,0,0,0,0,0,0,1.04051,0.416203,1,0,0.00104058,
325,0.332039,0.490153,0,0,0,0,0,0,0,1.04051,0.416203,1,0,0.00104058,
326,0.332039,0.521776,0,0,0,0,0,0,0,1.04051,0.416203,1,0,0.00104058,
327,0.332039,0.553399,0,0,0,0,0,0,0,1.04051,0.416203,1,0,0.00104058,
328,0.332039,0.585021,0,0,0,0,0,0,0,1.04051,0.416203,1,0,0.00104058,
329,0.332039,0.616644,0,0,0,0,0,0,0,1.04051,0.416203,1,0,0.00104058,
330,0.332039,0.648267,0,0,0,0,0,0,0,1.04051,0.416203,1,0,0.00104058,
331,0.332039,0.67989,0,0,0,0,0,0,0,1.04051,0.416203,1,0,0.00104058,
332,0.332039,0.711512,0,0,0,0,0,0,0,1.04051,0.416203,1,0,0.00104058,
333,0.332039,0.743135,0,0,0,0,0,0,0,1.04051,0.416203,1,0,0.00104058,
334,0.332039,0.774758,0,0,0,0,0,0,0,1.04051,0.416203,1,0,0.00104058,
335,0.332039,0.806381,0,0,0,0,0,0,0,1.04051,0.416203,1,0,0.00104058,
336,0.332039,0.838004,0,0,0,0,0,0,0,1.04051,0.416203,1,0,0.00104058,
337,0.332039,0.869626,0,0,0,0,0,0,0,1.04051,0.416203,1,0,0.00104058,
338,0.332039,0.901249,0,0,0,0,0,0,0,1.04051,0.416203,1,0,0.00104058,
339,0.332039,0.932872,0,0,0,0,0,0,0,1.02976,0.411902,1,0,0.00104058,
340,0.332039,0.964495,0,0,0,0,0,0,0,0.813786,0.325515,1,0,0.00104058,
341,0.363662,0.0158114,0,0,0,0,0,0,0,0.813786,0.325515,1,0,0.00104058,
342,0.363662,0.0474342,0,0,0,0,0,0,0,1.02976,0.411902,1,0,0.00104058,
343,0.363662,0.0790569,0,0,0,0,0,0,0,1.04051,0.416203,1,0,0.00104058,
344,0.363662,0.11068,0,0,0,0,0,0,0,1.04051,0.416203,1,0,0.00104058,
345,0.363662,0.142302,0,0,0,0,0,0,0,1.04051,0.416203,1,0,0.00104058,
346,0.363662,0.173925,0,0,0,0,0,0,0,1.04051,0.416203,1,0,0.00104058,
347,0.363662,0.205548,0,0,0,0,0,0,0,1.04051,0.416203,1,0,0.00104058,
348,0.363662,0.237171,0,0,0,0,0,0,0,1.04051,0.416203,1,0,0.00104058,
349,0.363662,0.268794,0,0,0,0,0,0,0,1.04051,0.416203,1,0,0.00104058,
350,0.363662,0.300416,0,0,0,0,0,0,0,1.04051,0.416203,1,0,0.00104058,
351,0.363662,0.332039,0,0,0,0,0,0,0,1.04051,0.416203,1,0,0.00104058,
352,0.363662,0.363662,0,0,0,0,0,0,0,1.04051,0.416203,1,0,0.00104058,
353,0.363662,0.395285,0,0,0,0,0,0,0,1.04051,0.416203,1,0,0.00104058,
354,0.363662,0.426907,0,0,0,0,0,0,0,1.04051,0.416203,1,0,0.00104058,
355,0.363662,0.45853,0,0,0,0,0,0,0,1.04051,0.416203,1,0,0.00104058,
356,0.363662,0.490153,0,0,0,0,0,0,0,1.04051,0.416203,1,0,0.00104058,
357,0.363662,0.521776,0,0,0,0,0,0,0,1.04051,0.416203,1,0,0.00104058,
358,0.363662,0.553399,0,0,0,0,0,0,0,1.04051,0.416203,1,0,0.00104058,
359,0.363662,0.585021,0,0,0,0,0,0,0,1.04051,0.416203,1,0,0.00104058,
360,0.363662,0.616644,0,0,0,0,0,0,0,1.04051,0.416203,1,0,0.00104058,
361,0.363662,0.648267,0,0,0,0,0,0,0,1.04051,0.416203,1,0,0.00104058,
362,0.363662,0.67989,0,0,0,0,0,0,0,1.04051,0.416203,1,0,0.00104058,
363,0.363662,0.711512,0,0,0,0,0,0,0,1.04051,0.416203,1,0,0.00104058,
364,0.363662,0.743135,0,0,0,0,0,0,0,1.04051,0.416203,1,0,0.00104058,
365,0.363662,0.774758,0,0,0,0,0,0,0,1.04051,0.416203,1,0,0.00104058,
366,0.363662,0.806381,0,0,0,0,0,0,0,1.04051,0.416203,1,0,0.00104058,
367,0.363662,0.838004,0,0,0,0,0,0,0,1.04051,0.416203,1,0,0.00104058,
368,0.363662,0.869626,0,0,0,0,0,0,0,1.04051,0.416203,1,0,0.00104058,
369,0.363662,0.901249,0,0,0,0,0,0,0,1.04051,0.416203,1,0,0.00104058,
370,0.363662,0.932872,0,0,0,0,0,0,0,1.02976,0.411902,1,0,0.00104058,
371,0.363662,0.964495,0,0,0,0,0,0,0,0.813786,0.325515,1,0,0.00104058,
372,0.395285,0.0158114,0,0,0,0,0,0,0,0.813786,0.325515,1,0,0.00104058,
373,0.395285,0.0474342,0,0,0,0,0,0,0,1.02976,0.411902,1,0,0.00104058,
374,0.395285,0.0790569,0,0,0,0,0,0,0,1.04051,0.416203,1,0,0.00104058,
375,0.395285,0.11068,0,0,0,0,0,0,0,1.04051,0.416203,1,0,0.00104058,
376,0.395285,0.142302,0,0,0,0,0,0,0,1.04051,0.416203,1,0,0.00104058,
377,0.395285,0.173925,0,0,0,0,0,0,0,1.04051,0.416203,1,0,0.00104058,
378,0.395285,0.205548,0,0,0,0,0,0,0,1.04051,0.416203,1,0,0.00104058,
379,0.395285,0.237171,0,0,0,0,0,0,0,1.04051,0.416203,1,0,0.00104058,
380,0.395285,0.268794,0,0,0,0,0,0,0,1.04051,0.416203,1,0,0.00104058,
381,0.395285,0.300416,0,0,0,0,0,0,0,1.04051,0.416203,1,0,0.00104058,
382,0.395285,0.332039,0,0,0,0,0,0,0,1.04051,0.416203,1,0,0.00104058,
383,0.395285,0.363662,0,0,0,0,0,0,0,1.04051,0.416203,1,0,0.00104058,
384,0.395285,0.395285,0,0,0,0,0,0,0,1.04051,0.416203,1,0,0.00104058,
385,0.395285,0.426907,0,0,0,0,0,0,0,1.04051,0.416203,1,0,0.00104058,
386,0.395285,0.45853,0,0,0,0,0,0,0,1.04051,0.416203,1,0,0.00104058,
387,0.395285,0.490153,0,0,0,0,0,0,0,1.04051,0.416203,1,0,0.00104058,
388,0.395285,0.521776,0,0,0,0,0,0,0,1.04051,0.416203,1,0,0.00104058,
389,0.395285,0.553399,0,0,0,0,0,0,0,1.04051,0.416203,1,0,0.00104058,
390,0.395285,0.585021,0,0,0,0,0,0,0,1.04051,0.416203,1,0,0.00104058,
391,0.395285,0.616644,0,0,0,0,0,0,0,1.04051,0.416203,1,0,0.00104058,
392,0.395285,0.648267,0,0,0,0,0,0,0,1.04051,0.416203,1,0,0.00104058,
393,0.395285,0.67989,0,0,0,0,0,0,0,1.04051,0.416203,1,0,0.00104058,
394,0.395285,0.711512,0,0,0,0,0,0,0,1.04051,0.416203,1,0,0.00104058,
395,0.395285,0.743135,0,0,0,0,0,0,0,1.04051,0.416203,1,0,0.00104058,
396,0.395285,0.774758,0,0,0,0,0,0,0,1.04051,0.416203,1,0,0.00104058,
397,0.395285,0.806381,0,0,0,0,0,0,0,1.04051,0.416203,1,0,0.00104058,
398,0.395285,0.838004,0,0,0,0,0,0,0,1.04051,0.416203,1,0,0.00104058,
399,0.395285,0.869626,0,0,0,0,0,0,0,1.04051,0.416203,1,0,0.00104058,
400,0.395285,0.901249,0,0,0,0,0,0,0,1.04051,0.416203,1,0,0.00104058,
401,0.395285,0.932872,0,0,0,0,0,0,0,1.02976,0.411902,1,0,0.00104058,
402,0.395285,0.964495,0,0,0,0,0,0,0,0.813786,0.325515,1,0,0.00104058,
403,0.426907,0.0158114,0,0,0,0,0,0,0,0.813786,0.325515,1,0,0.00104058,
404,0.426907,0.0474342,0,0,0,0,0,0,0,1.02976,0.411902,1,0,0.00104058,
405,0.426907,0.0790569,0,0,0,0,0,0,0,1.04051,0.416203,1,0,0.00104058,
406,0.426907,0.11068,0,0,0,0,0,0,0,1.04051,0.416203,1,0,0.00104058,
407,0.426907,0.142302,0,0,0,0,0,0,0,1.04051,0.416203,1,0,0.00104058,
408,0.426907,0.173925,0,0,0,0,0,0,0,1.04051,0.416203,1,0,0.00104058,
409,0.426907,0.205548,0,0,0,0,0,0,0,1.04051,0.416203,1,0,0.00104058,
410,0.426907,0.237171,0,0,0,0,0,0,0,1.04051,0.416203,1,0,0.00104058,
411,0.426907,0.268794,0,0,0,0,0,0,0,1.04051,0.416203,1,0,0.00104058,
412,0.426907,0.300416,0,0,0,0,0,0,0,1.04051,0.416203,1,0,0.00104058,
413,0.426907,0.332039,0,0,0,0,0,0,0,1.04051,0.416203,1,0,0.00104058,
414,0.426907,0.363662,0,0,0,0,0,0,0,1.04051,0.416203,1,0,0.00104058,
415,0.426907,0.395285,0,0,0,0,0,0,0,1.04051,0.416203,1,0,0.00104058,
416,0.426907,0.426907,0,0,0,0,0,0,0,1.04051,0.416203,1,0,0.00104058,
417,0.426907,0.45853,0,0,0,0,0,0,0,1.04051,0.416203,1,0,0.00104058,
418,0.426907,0.490153,0,0,0,0,0,0,0,1.04051,0.416203,1,0,0.00104058,
419,0.426907,0.521776,0,0,0,0,0,0,0,1.04051,0.416203,1,0,0.00104058,
420,0.426907,0.553399,0,0,0,0,0,0,0,1.04051,0.416203,1,0,0.00104058,
421,0.426907,0.585021,0,0,0,0,0,0,0,1.04051,0.416203,1,0,0.00104058,
422,0.426907,0.616644,0,0,0,0,0,0,0,1.04051,0.416203,1,0,0.00104058,
423,0.426907,0.648267,0,0,0,0,0,0,0,1.04051,0.416203,1,0,0.00104058,
424,0.426907,0.67989,0,0,0,0,0,0,0,1.04051,0.416203,1,0,0.00104058,
425,0.426907,0.711512,0,0,0,0,0,0,0,1.04051,0.416203,1,0,0.00104058,
426,0.426907,0.743135,0,0,0,0,0,0,0,1.04051,0.416203,1,0,0.00104058,
427,0.426907,0.774758,0,0,0,0,0,0,0,1.04051,0.416203,1,0,0.00104058,
428,0.426907,0.806381,0,0,0,0,0,0,0,1.04051,0.416203,1,0,0.00104058,
429,0.426907,0.838004,0,0,0,0,0,0,0,1.04051,0.416203,1,0,0.00104058,
430,0.426907,0.869626,0,0,0,0,0,0,0,1.04051,0.416203,1,0,0.00104058,
431,0.426907,0.901249,0,0,0,0,0,0,0,1.04051,0.416203,1,0,0.00104058,
432,0.426907,0.932872,0,0,0,0,0,0,0,1.02976,0.411902,1,0,0.00104058,
433,0.426907,0.964495,0,0,0,0,0,0,0,0.813786,0.325515,1,0,0.00104058,
434,0.45853,0.0158114,0,0,0,0,0,0,0,0.813786,0.325515,1,0,0.00104058,
435,0.45853,0.0474342,0,0,0,0,0,0,0,1.02976,0.411902,1,0,0.00104058,
436,0.45853,0.0790569,0,0,0,0,0,0,0,1.04051,0.416203,1,0,0.00104058,
437,0.45853,0.11068,0,0,0,0,0,0,0,1.04051,0.416203,1,0,0.00104058,
438,0.45853,0.142302,0,0,0,0,0,0,0,1.04051,0.416203,1,0,0.00104058,
439,0.45853,0.173925,0,0,0,0,0,0,0,1.04051,0.416203,1,0,0.00104058,
440,0.45853,0.205548,0,0,0,0,0,0,0,1.04051,0.416203,1,0,0.00104058,
441,0.45853,0.237171,0,0,0,0,0,0,0,1.04051,0.416203,1,0,0.00104058,
442,0.45853,0.268794,0,0,0,0,0,0,0,1.04051,0.416203,1,0,0.00104058,
443,0.45853,0.300416,0,0,0,0,0,0,0,1.04051,0.416203,1,0,0.00104058,
444,0.45853,0.332039,0,0,0,0,0,0,0,1.04051,0.416203,1,0,0.00104058,
445,0.45853,0.363662,0,0,0,0,0,0,0,1.04051,0.416203,1,0,0.00104058,
446,0.45853,0.395285,0,0,0,0,0,0,0,1.04051,0.416203,1,0,0.00104058,
447,0.45853,0.426907,0,0,0,0,0,0,0,1.04051,0.416203,1,0,0.00104058,
448,0.45853,0.45853,0,0,0,0,0,0,0,1.04051,0.416203,1,0,0.00104058,
449,0.45853,0.490153,0,0,0,0,0,0,0,1.04051,0.416203,1,0,0.00104058,
450,0.45853,0.521776,0,0,0,0,0,0,0,1.04051,0.416203,1,0,0.00104058,
451,0.45853,0.553399,0,0,0,0,0,0,0,1.04051,0.416203,1,0,0.00104058,
452,0.45853,0.585021,0,0,0,0,0,0,0,1.04051,0.416203,1,0,0.00104058,
453,0.45853,0.616644,0,0,0,0,0,0,0,1.04051,0.416203,1,0,0.00104058,
454,0.45853,0.648267,0,0,0,0,0,0,0,1.04051,0.416203,1,0,0.00104058,
455,0.45853,0.67989,0,0,0,0,0,0,0,1.04051,0.416203,1,0,0.00104058,
456,0.45853,0.711512,0,0,0,0,0,0,0,1.04051,0.416203,1,0,0.00104058,
457,0.45853,0.743135,0,0,0,0,0,0,0,1.04051,0.416203,1,0,0.00104058,
458,0.45853,0.774758,0,0,0,0,0,0,0,1.04051,0.416203,1,0,0.00104058,
459,0.45853,0.806381,0,0,0,0,0,0,0,1.04051,0.416203,1,0,0.00104058,
460,0.45853,0.838004,0,0,0,0,0,0,0,1.04051,0.416203,1,0,0.00104058,
461,0.45853,0.869626,0,0,0,0,0,0,0,1.04051,0.416203,1,0,0.00104058,
462,0.45853,0.901249,0,0,0,0,0,0,0,1.04051,0.416203,1,0,0.00104058,
463,0.45853,0.932872,0,0,0,0,0,0,0,1.02976,0.411902,1,0,0.00104058,
464,0.45853,0.964495,0,0,0,0,0,0,0,0.813786,0.325515,1,0,0.00104058,
465,0.490153,0.0158114,0,0,0,0,0,0,0,0.813786,0.325515,1,0,0.00104058,
466,0.490153,0.0474342,0,0,0,0,0,0,0,1.02976,0.411902,1,0,0.00104058,
467,0.490153,0.0790569,0,0,0,0,0,0,0,1.04051,0.416203,1,0,0.00104058,
468,0.490153,0.11068,0,0,0,0,0,0,0,1.04051,0.416203,1,0,0.00104058,
469,0.490153,0.142302,0,0,0,0,0,0,0,1.04051,0.416203,1,0,0.00104058,
470,0.490153,0.173925,0,0,0,0,0,0,0,1.04051,0.416203,1,0,0.00104058,
471,0.490153,0.205548,0,0,0,0,0,0,0,1.04051,0.416203,1,0,0.00104058,
472,0.490153,0.237171,0,0,0,0,0,0,0,1.04051,0.416203,1,0,0.00104058,
473,0.490153,0.268794,0,0,0,0,0,0,0,1.04051,0.416203,1,0,0.00104058,
474,0.490153,0.300416,0,0,0,0,0,0,0,1.04051,0.416203,1,0,0.00104058,
475,0.490153,0.332039,0,0,0,0,0,0,0,1.04051,0.416203,1,0,0.00104058,
476,0.490153,0.363662,0,0,0,0,0,0,0,1.04051,0.416203,1,0,0.00104058,
477,0.490153,0.395285,0,0,0,0,0,0,0,1.04051,0.416203,1,0,0.00104058,
478,0.490153,0.426907,0,0,0,0,0,0,0,1.04051,0.416203,1,0,0.00104058,
479,0.490153,0.45853,0,0,0,0,0,0,0,1.04051,0.416203,1,0,0.00104058,
480,0.490153,0.490153,0,0,0,0,0,0,0,1.04051,0.416203,1,0,0.00104058,
481,0.490153,0.521776,0,0,0,0,0,0,0,1.04051,0.416203,1,0,0.00104058,
482,0.490153,0.553399,0,0,0,0,0,0,0,1.04051,0.416203,1,0,0.00104058,
483,0.490153,0.585021,0,0,0,0,0,0,0,1.04051,0.416203,1,0,0.00104058,
484,0.490153,0.616644,0,0,0,0,0,0,0,1.04051,0.416203,1,0,0.00104058,
485,0.490153,0.648267,0,0,0,0,0,0,0,1.04051,0.416203,1,0,0.00104058,
486,0.490153,0.67989,0,0,0,0,0,0,0,1.04051,0.416203,1,0,0.00104058,
487,0.490153,0.711512,0,0,0,0,0,0,0,1.04051,0.416203,1,0,0.00104058,
488,0.490153,0.743135,0,0,0,0,0,0,0,1.04051,0.416203,1,0,0.00104058,
489,0.490153,0.774758,0,0,0,0,0,0,0,1.04051,0.416203,1,0,0.00104058,
490,0.490153,0.806381,0,0,0,0,0,0,0,1.04051,0.416203,1,0,0.00104058,
491,0.490153,0.838004,0,0,0,0,0,0,0,1.04051,0.416203,1,0,0.00104058,
492,0.490153,0.869626,0,0,0,0,0,0,0,1.04051,0.416203,1,0,0.00104058,
493,0.490153,0.901249,0,0,0,0,0,0,0,1.04051,0.416203,1,0,0.00104058,
494,0.490153,0.932872,0,0,0,0,0,0,0,1.02976,0.411902,1,0,0.00104058,
495,0.490153,0.964495,0,0,0,0,0,0,0,0.813786,0.325515,1,0,0.00104058,
496,0.521776,0.0158114,0,0,0,0,0,0,0,0.813786,0.325515,1,0,0.00104058,
497,0.521776,0.0474342,0,0,0,0,0,0,0,1.02976,0.411902,1,0,0.00104058,
498,0.521776,0.0790569,0,0,0,0,0,0,0,1.04051,0.416203,1,0,0.00104058,
499,0.521776,0.11068,0,0,0,0,0,0,0,1.04051,0.416203,1,0,0.00104058,
500,0.521776,0.142302,0,0,0,0,0,0,0,1.04051,0.416203,1,0,0.00104058,
501,0.521776,0.173925,0,0,0,0,0,0,0,1.04051,0.416203,1,0,0.00104058,
502,0.521776,0.205548,0,0,0,0,0,0,0,1.04051,0.416203,1,0,0.00104058,
503,0.521776,0.237171,0,0,0,0,0,0,0,1.04051,0.416203,1,0,0.00104058,
504,0.521776,0.268794,0,0,0,0,0,0,0,1.04051,0.416203,1,0,0.00104058,
505,0.521776,0.300416,0,0,0,0,0,0,0,1.04051,0.416203,1,0,0.00104058,
506,0.521776,0.332039,0,0,0,0,0,0,0,1.04051,0.416203,1,0,0.00104058,
507,0.521776,0.363662,0,0,0,0,0,0,0,1.04051,0.416203,1,0,0.00104058,
508,0.521776,0.395285,0,0,0,0,0,0,0,1.04051,0.416203,1,0,0.00104058,
509,0.521776,0.426907,0,0,0,0,0,0,0,1.04051,0.416203,1,0,0.00104058,
510,0.521776,0.45853,0,0,0,0,0,0,0,1.04051,0.416203,1,0,0.00104058,
511,0.521776,0.490153,0,0,0,0,0,0,0,1.04051,0.416203,1,0,0.00104058,
512,0.521776,0.521776,0,0,0,0,0,0,0,1.04051,0.416203,1,0,0.00104058,
513,0.521776,0.553399,0,0,0,0,0,0,0,1.04051,0.416203,1,0,0.00104058,
514,0.521776,0.585021,0,0,0,0,0,0,0,1.04051,0.416203,1,0,0.00104058,
515,0.521776,0.616644,0,0,0,0,0,0,0,1.04051,0.416203,1,0,0.00104058,
516,0.521776,0.648267,0,0,0,0,0,0,0,1.04051,0.416203,1,0,0.00104058,
517,0.521776,0.67989,0,0,0,0,0,0,0,1.04051,0.416203,1,0,0.00104058,
518,0.521776,0.711512,0,0,0,0,0,0,0,1.04051,0.416203,1,0,0.00104058,
519,0.521776,0.743135,0,0,0,0,0,0,0,1.04051,0.416203,1,0,0.00104058,
520,0.521776,0.774758,0,0,0,0,0,0,0,1.04051,0.416203,1,0,0.00104058,
521,0.521776,0.806381,0,0,0,0,0,0,0,1.04051,0.416203,1,0,0.00104058,
522,0.521776,0.838004,0,0,0,0,0,0,0,1.04051,0.416203,1,0,0.00104058,
523,0.521776,0.869626,0,0,0,0,0,0,0,1.04051,0.416203,1,0,0.00104058,
524,0.521776,0.901249,0,0,0,0,0,0,0,1.04051,0.416203,1,0,0.00104058,
525,0.521776,0.932872,0,0,0,0,0,0,0,1.02976,0.411902,1,0,0.00104058,
526,0.521776,0.964495,0,0,0,0,0,0,0,0.813786,0.325515,1,0,0.00104058,
527,0.553399,0.0158114,0,0,0,0,0,0,0,0.813786,0.325515,1,0,0.00104058,
528,0.553399,0.0474342,0,0,0,0,0,0,0,1.02976,0.411902,1,0,0.00104058,
529,0.553399,0.0790569,0,0,0,0,0,0,0,1.04051,0.416203,1,0,0.00104058,
530,0.553399,0.11068,0,0,0,0,0,0,0,1.04051,0.416203,1,0,0.00104058,
531,0.553399,0.142302,0,0,0,0,0,0,0,1.04051,0.416203,1,0,0.00104058,
532,0.553399,0.173925,0,0,0,0,0,0,0,1.04051,0.416203,1,0,0.00104058,
533,0.553399,0.205548,0,0,0,0,0,0,0,1.04051,0.416203,1,0,0.00104058,
534,0.553399,0.237171,0,0,0,0,0,0,0,1.04051,0.416203,1,0,0.00104058,
535,0.553399,0.268794,0,0,0,0,0,0,0,1.04051,0.416203,1,0,0.00104058,
536,0.553399,0.300416,0,0,0,0,0,0,0,1.04051,0.416203,1,0,0.00104058,
537,0.553399,0.332039,0,0,0,0,0,0,0,1.04051,0.416203,1,0,0.00104058,
538,0.553399,0.363662,0,0,0,0,0,0,0,1.04051,0.416203,1,0,0.00104058,
539,0.553399,0.395285,0,0,0,0,0,0,0,1.04051,0.416203,1,0,0.00104058,
540,0.553399,0.426907,0,0,0,0,0,0,0,1.04051,0.416203,1,0,0.00104058,
541,0.553399,0.45853,0,0,0,0,0,0,0,1.04051,0.416203,1,0,0.00104058,
542,0.553399,0.490153,0,0,0,0,0,0,0,1.04051,0.416203,1,0,0.00104058,
543,0.553399,0.521776,0,0,0,0,0,0,0,1.04051,0.416203,1,0,0.00104058,
544,0.553399,0.553399,0,0,0,0,0,0,0,1.04051,0.416203,1,0,0.00104058,
545,0.553399,0.585021,0,0,0,0,0,0,0,1.04051,0.416203,1,0,0.00104058,
546,0.553399,0.616644,0,0,0,0,0,0,0,1.04051,0.416203,1,0,0.00104058,
547,0.553399,0.648267,0,0,0,0,0,0,0,1.04051,0.416203,1,0,0.00104058,
548,0.553399,0.67989,0,0,0,0,0,0,0,1.04051,0.416203,1,0,0.00104058,
549,0.553399,0.711512,0,0,0,0,0,0,0,1.04051,0.416203,1,0,0.00104058,
550,0.553399,0.743135,0,0,0,0,0,0,0,1.04051,0.416203,1,0,0.00104058,
551,0.553399,0.774758,0,0,0,0,0,0,0,1.04051,0.416203,1,0,0.00104058,
552,0.553399,0.806381,0,0,0,0,0,0,0,1.04051,0.416203,1,0,0.00104058,
553,0.553399,0.838004,0,0,0,0,0,0,0,1.04051,0.416203,1,0,0.00104058,
554,0.553399,0.869626,0,0,0,0,0,0,0,1.04051,0.416203,1,0,0.00104058,
555,0.553399,0.901249,0,0,0,0,0,0,0,1.04051,0.416203,1,0,0.00104058,
556,0.553399,0.932872,0,0,0,0,0,0,0,1.02976,0.411902,1,0,0.00104058,
557,0.553399,0.964495,0,0,0,0,0,0,0,0.813786,0.325515,1,0,0.00104058,
558,0.585021,0.0158114,0,0,0,0,0,0,0,0.813786,0.325515,1,0,0.00104058,
559,0.585021,0.0474342,0,0,0,0,0,0,0,1.02976,0.411902,1,0,0.00104058,
560,0.585021,0.0790569,0,0,0,0,0,0,0,1.04051,0.416203,1,0,0.00104058,
561,0.585021,0.11068,0,0,0,0,0,0,0,1.04051,0.416203,1,0,0.00104058,
562,0.585021,0.142302,0,0,0,0,0,0,0,1.04051,0.416203,1,0,0.00104058,
563,0.585021,0.173925,0,0,0,0,0,0,0,1.04051,0.416203,1,0,0.00104058,
564,0.585021,0.205548,0,0,0,0,0,0,0,1.04051,0.416203,1,0,0.00104058,
565,0.585021,0.237171,0,0,0,0,0,0,0,1.04051,0.416203,1,0,0.00104058,
566,0.585021,0.268794,0,0,0,0,0,0,0,1.04051,0.416203,1,0,0.00104058,
567,0.585021,0.300416,0,0,0,0,0,0,0,1.04051,0.416203,1,0,0.00104058,
568,0.585021,0.332039,0,0,0,0,0,0,0,1.04051,0.416203,1,0,0.00104058,
569,0.585021,0.363662,0,0,0,0,0,0,0,1.04051,0.416203,1,0,0.00104058,
570,0.585021,0.395285,0,0,0,0,0,0,0,1.04051,0.416203,1,0,0.00104058,
571,0.585021,0.426907,0,0,0,0,0,0,0,1.04051,0.416203,1,0,0.00104058,
572,0.585021,0.45853,0,0,0,0,0,0,0,1.04051,0.416203,1,0,0.00104058,
573,0.585021,0.490153,0,0,0,0,0,0,0,1.04051,0.416203,1,0,0.00104058,
574,0.585021,0.521776,0,0,0,0,0,0,0,1.04051,0.416203,1,0,0.00104058,
575,0.585021,0.553399,0,0,0,0,0,0,0,1.04051,0.416203,1,0,0.00104058,
576,0.585021,0.585021,0,0,0,0,0,0,0,1.04051,0.416203,1,0,0.00104058,
577,0.585021,0.616644,0,0,0,0,0,0,0,1.04051,0.416203,1,0,0.00104058,
578,0.585021,0.648267,0,0,0,0,0,0,0,1.04051,0.416203,1,0,0.00104058,
579,0.585021,0.67989,0,0,0,0,0,0,0,1.04051,0.416203,1,0,0.00104058,
580,0.585021,0.711512,0,0,0,0,0,0,0,1.04051,0.416203,1,0,0.00104058,
581,0.585021,0.743135,0,0,0,0,0,0,0,1.04051,0.416203,1,0,0.00104058,
582,0.585021,0.774758,0,0,0,0,0,0,0,1.04051,0.416203,1,0,0.00104058,
583,0.585021,0.806381,0,0,0,0,0,0,0,1.04051,0.416203,1,0,0.00104058,
584,0.585021,0.838004,0,0,0,0,0,0,0,1.04051,0.416203,1,0,0.00104058,
585,0.585021,0.869626,0,0,0,0,0,0,0,1.04051,0.416203,1,0,0.00104058,
586,0.585021,0.901249,0,0,0,0,0,0,0,1.04051,0.416203,1,0,0.00104058,
587,0.585021,0.932872,0,0,0,0,0,0,0,1.02976,0.411902,1,0,0.00104058,
588,0.585021,0.964495,0,0,0,0,0,0,0,0.813786,0.325515,1,0,0.00104058,
589,0.616644,0.0158114,0,0,0,0,0,0,0,0.813786,0.325515,1,0,0.00104058,
590,0.616644,0.0474342,0,0,0,0,0,0,0,1.02976,0.411902,1,0,0.00104058,
591,0.616644,0.0790569,0,0,0,0,0,0,0,1.04051,0.416203,1,0,0.00104058,
592,0.616644,0.11068,0,0,0,0,0,0,0,1.04051,0.416203,1,0,0.00104058,
593,0.616644,0.142302,0,0,0,0,0,0,0,1.04051,0.416203,1,0,0.00104058,
594,0.616644,0.173925,0,0,0,0,0,0,0,1.04051,0.416203,1,0,0.00104058,
595,0.616644,0.205548,0,0,0,0,0,0,0,1.04051,0.416203,1,0,0.00104058,
596,0.616644,0.237171,0,0,0,0,0,0,0,1.04051,0.416203,1,0,0.00104058,
597,0.616644,0.268794,0,0,0,0,0,0,0,1.04051,0.416203,1,0,0.00104058,
598,0.616644,0.300416,0,0,0,0,0,0,0,1.04051,0.416203,1,0,0.00104058,
599,0.616644,0.332039,0,0,0,0,0,0,0,1.04051,0.416203,1,0,0.00104058,
600,0.616644,0.363662,0,0,0,0,0,0,0,1.04051,0.416203,1,0,0.00104058,
601,0.616644,0.395285,0,0,0,0,0,0,0,1.04051,0.416203,1,0,0.00104058,
602,0.616644,0.426907,0,0,0,0,0,0,0,1.04051,0.416203,1,0,0.00104058,
603,0.616644,0.45853,0,0,0,0,0,0,0,1.04051,0.416203,1,0,0.00104058,
604,0.616644,0.490153,0,0,0,0,0,0,0,1.04051,0.416203,1,0,0.00104058,
605,0.616644,0.521776,0,0,0,0,0,0,0,1.04051,0.416203,1,0,0.00104058,
606,0.616644,0.553399,0,0,0,0,0,0,0,1.04051,0.416203,1,0,0.00104058,
607,0.616644,0.585021,0,0,0,0,0,0,0,1.04051,0.416203,1,0,0.00104058,
608,0.616644,0.616644,0,0,0,0,0,0,0,1.04051,0.416203,1,0,0.00104058,
609,0.616644,0.648267,0,0,0,0,0,0,0,1.04051,0.416203,1,0,0.00104058,
610,0.616644,0.67989,0,0,0,0,0,0,0,1.04051,0.416203,1,0,0.00104058,
611,0.616644,0.711512,0,0,0,0,0,0,0,1.04051,0.416203,1,0,0.00104058,
612,0.616644,0.743135,0,0,0,0,0,0,0,1.04051,0.416203,1,0,0.00104058,
613,0.616644,0.774758,0,0,0,0,0,0,0,1.04051,0.416203,1,0,0.00104058,
614,0.616644,0.806381,0,0,0,0,0,0,0,1.04051,0.416203,1,0,0.00104058,
615,0.616644,0.838004,0,0,0,0,0,0,0,1.04051,0.416203,1,0,0.00104058,
616,0.616644,0.869626,0,0,0,0,0,0,0,1.04051,0.416203,1,0,0.00104058,
617,0.616644,0.901249,0,0,0,0,0,0,0,1.04051,0.416203,1,0,0.00104058,
618,0.616644,0.932872,0,0,0,0,0,0,0,1.02976,0.411902,1,0,0.00104058,
619,0.616644,0.964495,0,0,0,0,0,0,0,0.813786,0.325515,1,0,0.00104058,
620,0.648267,0.0158114,0,0,0,0,0,0,0,0.813786,0.325515,1,0,0.00104058,
621,0.648267,0.0474342,0,0,0,0,0,0,0,1.02976,0.411902,1,0,0.00104058,
622,0.648267,0.0790569,0,0,0,0,0,0,0,1.04051,0.416203,1,0,0.00104058,
623,0.648267,0.11068,0,0,0,0,0,0,0,1.04051,0.416203,1,0,0.00104058,
624,0.648267,0.142302,0,0,0,0,0,0,0,1.04051,0.416203,1,0,0.00104058,
625,0.648267,0.173925,0,0,0,0,0,0,0,1.04051,0.416203,1,0,0.00104058,
626,0.648267,0.205548,0,0,0,0,0,0,0,1.04051,0.416203,1,0,0.00104058,
627,0.648267,0.237171,0,0,0,0,0,0,0,1.04051,0.416203,1,0,0.00104058,
628,0.648267,0.268794,0,0,0,0,0,0,0,1.04051,0.416203,1,0,0.00104058,
629,0.648267,0.300416,0,0,0,0,0,0,0,1.04051,0.416203,1,0,0.00104058,
630,0.648267,0.332039,0,0,0,0,0,0,0,1.04051,0.416203,1,0,0.00104058,
631,0.648267,0.363662,0,0,0,0,0,0,0,1.04051,0.416203,1,0,0.00104058,
632,0.648267,0.395285,0,0,0,0,0,0,0,1.04051,0.416203,1,0,0.00104058,
633,0.648267,0.426907,0,0,0,0,0,0,0,1.04051,0.416203,1,0,0.00104058,
634,0.648267,0.45853,0,0,0,0,0,0,0,1.04051,0.416203,1,0,0.00104058,
635,0.648267,0.490153,0,0,0,0,0,0,0,1.04051,0.416203,1,0,0.00104058,
636,0.648267,0.521776,0,0,0,0,0,0,0,1.04051,0.416203,1,0,0.00104058,
637,0.648267,0.553399,0,0,0,0,0,0,0,1.04051,0.416203,1,0,0.00104058,
638,0.648267,0.585021,0,0,0,0,0,0,0,1.04051,0.416203,1,0,0.00104058,
639,0.648267,0.616644,0,0,0,0,0,0,0,1.04051,0.416203,1,0,0.00104058,
640,0.648267,0.648267,0,0,0,0,0,0,0,1.04051,0.416203,1,0,0.00104058,
641,0.648267,0.67989,0,0,0,0,0,0,0,1.04051,0.416203,1,0,0.00104058,
642,0.648267,0.711512,0,0,0,0,0,0,0,1.04051,0.416203,1,0,0.00104058,
643,0.648267,0.743135,0,0,0,0,0,0,0,1.04051,0.416203,1,0,0.00104058,
644,0.648267,0.774758,0,0,0,0,0,0,0,1.04051,0.416203,1,0,0.00104058,
645,0.648267,0.806381,0,0,0,0,0,0,0,1.04051,0.416203,1,0,0.00104058,
646,0.648267,0.838004,0,0,0,0,0,0,0,1.04051,0.416203,1,0,0.00104058,
647,0.648267,0.869626,0,0,0,0,0,0,0,1.04051,0.416203,1,0,0.00104058,
648,0.648267,0.901249,0,0,0,0,0,0,0,1.04051,0.416203,1,0,0.00104058,
649,0.648267,0.932872,0,0,0,0,0,0,0,1.02976,0.411902,1,0,0.00104058,
650,0.648267,0.964495,0,0,0,0,0,0,0,0.813786,0.325515,1,0,0.00104058,
651,0.67989,0.0158114,0,0,0,0,0,0,0,0.813786,0.325515,1,0,0.00104058,
652,0.67989,0.0474342,0,0,0,0,0,0,0,1.02976,0.411902,1,0,0.00104058,
653,0.67989,0.0790569,0,0,0,0,0,0,0,1.04051,0.416203,1,0,0.00104058,
654,0.67989,0.11068,0,0,0,0,0,0,0,1.04051,0.416203,1,0,0.00104058,
655,0.67989,0.142302,0,0,0,0,0,0,0,1.04051,0.416203,1,0,0.00104058,
656,0.67989,0.173925,0,0,0,0,0,0,0,1.04051,0.416203,1,0,0.00104058,
657,0.67989,0.205548,0,0,0,0,0,0,0,1.04051,0.416203,1,0,0.00104058,
658,0.67989,0.237171,0,0,0,0,0,0,0,1.04051,0.416203,1,0,0.00104058,
659,0.67989,0.268794,0,0,0,0,0,0,0,1.04051,0.416203,1,0,0.00104058,
660,0.67989,0.300416,0,0,0,0,0,0,0,1.04051,0.416203,1,0,0.00104058,
661,0.67989,0.332039,0,0,0,0,0,0,0,1.04051,0.416203,1,0,0.00104058,
662,0.67989,0.363662,0,0,0,0,0,0,0,1.04051,0.416203,1,0,0.00104058,
663,0.67989,0.395285,0,0,0,0,0,0,0,1.04051,0.416203,1,0,0.00104058,
664,0.67989,0.426907,0,0,0,0,0,0,0,1.04051,0.416203,1,0,0.00104058,
665,0.67989,0.45853,0,0,0,0,0,0,0,1.04051,0.416203,1,0,0.00104058,
666,0.67989,0.490153,0,0,0,0,0,0,0,1.04051,0.416203,1,0,0.00104058,
667,0.67989,0.521776,0,0,0,0,0,0,0,1.04051,0.416203,1,0,0.00104058,
668,0.67989,0.553399,0,0,0,0,0,0,0,1.04051,0.416203,1,0,0.00104058,
669,0.67989,0.585021,0,0,0,0,0,0,0,1.04051,0.416203,1,0,0.00104058,
670,0.67989,0.616644,0,0,0,0,0,0,0,1.04051,0.416203,1,0,0.00104058,
671,0.67989,0.648267,0,0,0,0,0,0,0,1.04051,0.416203,1,0,0.00104058,
672,0.67989,0.67989,0,0,0,0,0,0,0,1.04051,0.416203,1,0,0.00104058,
673,0.67989,0.711512,0,0,0,0,0,0,0,1.04051,0.416203,1,0,0.00104058,
674,0.67989,0.743135,0,0,0,0,0,0,0,1.04051,0.416203,1,0,0.00104058,
675,0.67989,0.774758,0,0,0,0,0,0,0,1.04051,0.416203,1,0,0.00104058,
676,0.67989,0.806381,0,0,0,0,0,0,0,1.04051,0.416203,1,0,0.00104058,
677,0.67989,0.838004,0,0,0,0,0,0,0,1.04051,0.416203,1,0,0.00104058,
678,0.67989,0.869626,0,0,0,0,0,0,0,1.04051,0.416203,1,0,0.00104058,
679,0.67989,0.901249,0,0,0,0,0,0,0,1.04051,0.416203,1,0,0.00104058,
680,0.67989,0.932872,0,0,0,0,0,0,0,1.02976,0.411902,1,0,0.00104058,
681,0.67989,0.964495,0,0,0,0,0,0,0,0.813786,0.325515,1,0,0.00104058,
682,0.711512,0.0158114,0,0,0,0,0,0,0,0.813786,0.325515,1,0,0.00104058,
683,0.711512,0.0474342,0,0,0,0,0,0,0,1.02976,0.411902,1,0,0.00104058,
684,0.711512,0.0790569,0,0,0,0,0,0,0,1.04051,0.416203,1,0,0.00104058,
685,0.711512,0.11068,0,0,0,0,0,0,0,1.04051,0.416203,1,0,0.00104058,
686,0.711512,0.142302,0,0,0,0,0,0,0,1.04051,0.416203,1,0,0.00104058,
687,0.711512,0.173925,0,0,0,0,0,0,0,1.04051,0.416203,1,0,0.00104058,
688,0.711512,0.205548,0,0,0,0,0,0,0,1.04051,0.416203,1,0,0.00104058,
689,0.711512,0.237171,0,0,0,0,0,0,0,1.04051,0.416203,1,0,0.00104058,
690,0.711512,0.268794,0,0,0,0,0,0,0,1.04051,0.416203,1,0,0.00104058,
691,0.711512,0.300416,0,0,0,0,0,0,0,1.04051,0.416203,1,0,0.00104058,
692,0.711512,0.332039,0,0,0,0,0,0,0,1.04051,0.416203,1,0,0.00104058,
693,0.711512,0.363662,0,0,0,0,0,0,0,1.04051,0.416203,1,0,0.00104058,
694,0.711512,0.395285,0,0,0,0,0,0,0,1.04051,0.416203,1,0,0.00104058,
695,0.711512,0.426907,0,0,0,0,0,0,0,1.04051,0.416203,1,0,0.00104058,
696,0.711512,0.45853,0,0,0,0,0,0,0,1.04051,0.416203,1,0,0.00104058,
697,0.711512,0.490153,0,0,0,0,0,0,0,1.04051,0.416203,1,0,0.00104058,
698,0.711512,0.521776,0,0,0,0,0,0,0,1.04051,0.416203,1,0,0.00104058,
699,0.711512,0.553399,0,0,0,0,0,0,0,1.04051,0.416203,1,0,0.00104058,
700,0.711512,0.585021,0,0,0,0,0,0,0,1.04051,0.416203,1,0,0.00104058,
701,0.711512,0.616644,0,0,0,0,0,0,0,1.04051,0.416203,1,0,0.00104058,
702,0.711512,0.648267,0,0,0,0,0,0,0,1.04051,0.416203,1,0,0.00104058,
703,0.711512,0.67989,0,0,0,0,0,0,0,1.04051,0.416203,1,0,0.00104058,
704,0.711512,0.711512,0,0,0,0,0,0,0,1.04051,0.416203,1,0,0.00104058,
705,0.711512,0.743135,0,0,0,0,0,0,0,1.04051,0.416203,1,0,0.00104058,
706,0.711512,0.774758,0,0,0,0,0,0,0,1.04051,0.416203,1,0,0.00104058,
707,0.711512,0.806381,0,0,0,0,0,0,0,1.04051,0.416203,1,0,0.00104058,
708,0.711512,0.838004,0,0,0,0,0,0,0,1.04051,0.416203,1,0,0.00104058,
709,0.711512,0.869626,0,0,0,0,0,0,0,1.04051,0.416203,1,0,0.00104058,
710,0.711512,0.901249,0,0,0,0,0,0,0,1.04051,0.416203,1,0,0.00104058,
711,0.711512,0.932872,0,0,0,0,0,0,0,1.02976,0.411902,1,0,0.00104058,
712,0.711512,0.964495,0,0,0,0,0,0,0,0.813786,0.325515,1,0,0.00104058,
713,0.743135,0.0158114,0,0,0,0,0,0,0,0.813786,0.325515,1,0,0.00104058,
714,0.743135,0.0474342,0,0,0,0,0,0,0,1.02976,0.411902,1,0,0.00104058,
715,0.743135,0.0790569,0,0,0,0,0,0,0,1.04051,0.416203,1,0,0.00104058,
716,0.743135,0.11068,0,0,0,0,0,0,0,1.04051,0.416203,1,0,0.00104058,
717,0.743135,0.142302,0,0,0,0,0,0,0,1.04051,0.416203,1,0,0.00104058,
718,0.743135,0.173925,0,0,0,0,0,0,0,1.04051,0.416203,1,0,0.00104058,
719,0.743135,0.205548,0,0,0,0,0,0,0,1.04051,0.416203,1,0,0.00104058,
720,0.743135,0.237171,0,0,0,0,0,0,0,1.04051,0.416203,1,0,0.00104058,
721,0.743135,0.268794,0,0,0,0,0,0,0,1.04051,0.416203,1,0,0.00104058,
722,0.743135,0.300416,0,0,0,0,0,0,0,1.04051,0.416203,1,0,0.00104058,
723,0.743135,0.332039,0,0,0,0,0,0,0,1.04051,0.416203,1,0,0.00104058,
724,0.743135,0.363662,0,0,0,0,0,0,0,1.04051,0.416203,1,0,0.00104058,
725,0.743135,0.395285,0,0,0,0,0,0,0,1.04051,0.416203,1,0,0.00104058,
726,0.743135,0.426907,0,0,0,0,0,0,0,1.04051,0.416203,1,0,0.00104058,
727,0.743135,0.45853,0,0,0,0,0,0,0,1.04051,0.416203,1,0,0.00104058,
728,0.743135,0.490153,0,0,0,0,0,0,0,1.04051,0.416203,1,0,0.00104058,
729,0.743135,0.521776,0,0,0,0,0,0,0,1.04051,0.416203,1,0,0.00104058,
730,0.743135,0.553399,0,0,0,0,0,0,0,1.04051,0.416203,1,0,0.00104058,
731,0.743135,0.585021,0,0,0,0,0,0,0,1.04051,0.416203,1,0,0.00104058,
732,0.743135,0.616644,0,0,0,0,0,0,0,1.04051,0.416203,1,0,0.00104058,
733,0.743135,0.648267,0,0,0,0,0,0,0,1.04051,0.416203,1,0,0.00104058,
734,0.743135,0.67989,0,0,0,0,0,0,0,1.04051,0.416203,1,0,0.00104058,
735,0.743135,0.711512,0,0,0,0,0,0,0,1.04051,0.416203,1,0,0.00104058,
736,0.743135,0.743135,0,0,0,0,0,0,0,1.04051,0.416203,1,0,0.00104058,
737,0.743135,0.774758,0,0,0,0,0,0,0,1.04051,0.416203,1,0,0.00104058,
738,0.743135,0.806381,0,0,0,0,0,0,0,1.04051,0.416203,1,0,0.00104058,
739,0.743135,0.838004,0,0,0,0,0,0,0,1.04051,0.416203,1,0,0.00104058,
740,0.743135,0.869626,0,0,0,0,0,0,0,1.04051,0.416203,1,0,0.00104058,
741,0.743135,0.901249,0,0,0,0,0,0,0,1.04051,0.416203,1,0,0.00104058,
742,0.743135,0.932872,0,0,0,0,0,0,0,1.02976,0.411902,1,0,0.00104058,
743,0.743135,0.964495,0,0,0,0,0,0,0,0.813786,0.325515,1,0,0.00104058,
744,0.774758,0.0158114,0,0,0,0,0,0,0,0.813786,0.325515,1,0,0.00104058,
745,0.774758,0.0474342,0,0,0,0,0,0,0,1.02976,0.411902,1,0,0.00104058,
746,0.774758,0.0790569,0,0,0,0,0,0,0,1.04051,0.416203,1,0,0.00104058,
747,0.774758,0.11068,0,0,0,0,0,0,0,1.04051,0.416203,1,0,0.00104058,
748,0.774758,0.142302,0,0,0,0,0,0,0,1.04051,0.416203,1,0,0.00104058,
749,0.774758,0.173925,0,0,0,0,0,0,0,1.04051,0.416203,1,0,0.00104058,
750,0.774758,0.205548,0,0,0,0,0,0,0,1.04051,0.416203,1,0,0.00104058,
751,0.774758,0.237171,0,0,0,0,0,0,0,1.04051,0.416203,1,0,0.00104058,
752,0.774758,0.268794,0,0,0,0,0,0,0,1.04051,0.416203,1,0,0.00104058,
753,0.774758,0.300416,0,0,0,0,0,0,0,1.04051,0.416203,1,0,0.00104058,
754,0.774758,0.332039,0,0,0,0,0,0,0,1.04051,0.416203,1,0,0.00104058,
755,0.774758,0.363662,0,0,0,0,0,0,0,1.04051,0.416203,1,0,0.00104058,
756,0.774758,0.395285,0,0,0,0,0,0,0,1.04051,0.416203,1,0,0.00104058,
757,0.774758,0.426907,0,0,0,0,0,0,0,1.04051,0.416203,1,0,0.00104058,
758,0.774758,0.45853,0,0,0,0,0,0,0,1.04051,0.416203,1,0,0.00104058,
759,0.774758,0.490153,0,0,0,0,0,0,0,1.04051,0.416203,1,0,0.00104058,
760,0.774758,0.521776,0,0,0,0,0,0,0,1.04051,0.416203,1,0,0.00104058,
761,0.774758,0.553399,0,0,0,0,0,0,0,1.04051,0.416203,1,0,0.00104058,
762,0.774758,0.585021,0,0,0,0,0,0,0,1.04051,0.416203,1,0,0.00104058,
763,0.774758,0.616644,0,0,0,0,0,0,0,1.04051,0.416203,1,0,0.00104058,
764,0.774758,0.648267,0,0,0,0,0,0,0,1.04051,0.416203,1,0,0.00104058,
765,0.774758,0.67989,0,0,0,0,0,0,0,1.04051,0.416203,1,0,0.00104058,
766,0.774758,0.711512,0,0,0,0,0,0,0,1.04051,0.416203,1,0,0.00104058,
767,0.774758,0.743135,0,0,0,0,0,0,0,1.04051,0.416203,1,0,0.00104058,
768,0.774758,0.774758,0,0,0,0,0,0,0,1.04051,0.416203,1,0,0.00104058,
769,0.774758,0.806381,0,0,0,0,0,0,0,1.04051,0.416203,1,0,0.00104058,
770,0.774758,0.838004,0,0,0,0,0,0,0,1.04051,0.416203,1,0,0.00104058,
771,0.774758,0.869626,0,0,0,0,0,0,0,1.04051,0.416203,1,0,0.00104058,
772,0.774758,0.901249,0,0,0,0,0,0,0,1.04051,0.416203,1,0,0.00104058,
773,0.774758,0.932872,0,0,0,0,0,0,0,1.02976,0.411902,1,0,0.00104058,
774,0.774758,0.964495,0,0,0,0,0,0,0,0.813786,0.325515,1,0,0.00104058,
775,0.806381,0.0158114,0,0,0,0,0,0,0,0.813786,0.325515,1,0,0.00104058,
776,0.806381,0.0474342,0,0,0,0,0,0,0,1.02976,0.411902,1,0,0.00104058,
777,0.806381,0.0790569,0,0,0,0,0,0,0,1.04051,0.416203,1,0,0.00104058,
778,0.806381,0.11068,0,0,0,0,0,0,0,1.04051,0.416203,1,0,0.00104058,
779,0.806381,0.142302,0,0,0,0,0,0,0,1.04051,0.416203,1,0,0.00104058,
780,0.806381,0.173925,0,0,0,0,0,0,0,1.04051,0.416203,1,0,0.00104058,
781,0.806381,0.205548,0,0,0,0,0,0,0,1.04051,0.416203,1,0,0.00104058,
782,0.806381,0.237171,0,0,0,0,0,0,0,1.04051,0.416203,1,0,0.00104058,
783,0.806381,0.268794,0,0,0,0,0,0,0,1.04051,0.416203,1,0,0.00104058,
784,0.806381,0.300416,0,0,0,0,0,0,0,1.04051,0.416203,1,0,0.00104058,
785,0.806381,0.332039,0,0,0,0,0,0,0,1.04051,0.416203,1,0,0.00104058,
786,0.806381,0.363662,0,0,0,0,0,0,0,1.04051,0.416203,1,0,0.00104058,
787,0.806381,0.395285,0,0,0,0,0,0,0,1.04051,0.416203,1,0,0.00104058,
788,0.806381,0.426907,0,0,0,0,0,0,0,1.04051,0.416203,1,0,0.00104058,
789,0.806381,0.45853,0,0,0,0,0,0,0,1.04051,0.416203,1,0,0.00104058,
790,0.806381,0.490153,0,0,0,0,0,0,0,1.04051,0.416203,1,0,0.00104058,
791,0.806381,0.521776,0,0,0,0,0,0,0,1.04051,0.416203,1,0,0.00104058,
792,0.806381,0.553399,0,0,0,0,0,0,0,1.04051,0.416203,1,0,0.00104058,
793,0.806381,0.585021,0,0,0,0,0,0,0,1.04051,0.416203,1,0,0.00104058,
794,0.806381,0.616644,0,0,0,0,0,0,0,1.04051,0.416203,1,0,0.00104058,
795,0.806381,0.648267,0,0,0,0,0,0,0,1.04051,0.416203,1,0,0.00104058,
796,0.806381,0.67989,0,0,0,0,0,0,0,1.04051,0.416203,1,0,0.00104058,
797,0.806381,0.711512,0,0,0,0,0,0,0,1.04051,0.416203,1,0,0.00104058,
798,0.806381,0.743135,0,0,0,0,0,0,0,1.04051,0.416203,1,0,0.00104058,
799,0.806381,0.774758,0,0,0,0,0,0,0,1.04051,0.416203,1,0,0.00104058,
800,0.806381,0.806381,0,0,0,0,0,0,0,1.04051,0.416203,1,0,0.00104058,
801,0.806381,0.838004,0,0,0,0,0,0,0,1.04051,0.416203,1,0,0.00104058,
802,0.806381,0.869626,0,0,0,0,0,0,0,1.04051,0.416203,1,0,0.00104058,
803,0.806381,0.901249,0,0,0,0,0,0,0,1.04051,0.416203,1,0,0.00104058,
804,0.806381,0.932872,0,0,0,0,0,0,0,1.02976,0.411902,1,0,0.00104058,
805,0.806381,0.964495,0,0,0,0,0,0,0,0.813786,0.325515,1,0,0.00104058,
806,0.838004,0.0158114,0,0,0,0,0,0,0,0.813786,0.325515,1,0,0.00104058,
807,0.838004,0.0474342,0,0,0,0,0,0,0,1.02976,0.411902,1,0,0.00104058,
808,0.838004,0.0790569,0,0,0,0,0,0,0,1.04051,0.416203,1,0,0.00104058,
809,0.838004,0.11068,0,0,0,0,0,0,0,1.04051,0.416203,1,0,0.00104058,
810,0.838004,0.142302,0,0,0,0,0,0,0,1.04051,0.416203,1,0,0.00104058,
811,0.838004,0.173925,0,0,0,0,0,0,0,1.04051,0.416203,1,0,0.00104058,
812,0.838004,0.205548,0,0,0,0,0,0,0,1.04051,0.416203,1,0,0.00104058,
813,0.838004,0.237171,0,0,0,0,0,0,0,1.04051,0.416203,1,0,0.00104058,
814,0.838004,0.268794,0,0,0,0,0,0,0,1.04051,0.416203,1,0,0.00104058,
815,0.838004,0.300416,0,0,0,0,0,0,0,1.04051,0.416203,1,0,0.00104058,
816,0.838004,0.332039,0,0,0,0,0,0,0,1.04051,0.416203,1,0,0.00104058,
817,0.838004,0.363662,0,0,0,0,0,0,0,1.04051,0.416203,1,0,0.00104058,
818,0.838004,0.395285,0,0,0,0,0,0,0,1.04051,0.416203,1,0,0.00104058,
819,0.838004,0.426907,0,0,0,0,0,0,0,1.04051,0.416203,1,0,0.00104058,
820,0.838004,0.45853,0,0,0,0,0,0,0,1.04051,0.416203,1,0,0.00104058,
821,0.838004,0.490153,0,0,0,0,0,0,0,1.04051,0.416203,1,0,0.00104058,
822,0.838004,0.521776,0,0,0,0,0,0,0,1.04051,0.416203,1,0,0.00104058,
823,0.838004,0.553399,0,0,0,0,0,0,0,1.04051,0.416203,1,0,0.00104058,
824,0.838004,0.585021,0,0,0,0,0,0,0,1.04051,0.416203,1,0,0.00104058,
825,0.838004,0.616644,0,0,0,0,0,0,0,1.04051,0.416203,1,0,0.00104058,
826,0.838004,0.648267,0,0,0,0,0,0,0,1.04051,0.416203,1,0,0.00104058,
827,0.838004,0.67989,0,0,0,0,0,0,0,1.04051,0.416203,1,0,0.00104058,
828,0.838004,0.711512,0,0,0,0,0,0,0,1.04051,0.416203,1,0,0.00104058,
829,0.838004,0.743135,0,0,0,0,0,0,0,1.04051,0.416203,1,0,0.00104058,
830,0.838004,0.774758,0,0,0,0,0,0,0,1.04051,0.416203,1,0,0.00104058,
831,0.838004,0.806381,0,0,0,0,0,0,0,1.04051,0.416203,1,0,0.00104058,
832,0.838004,0.838004,0,0,0,0,0,0,0,1.04051,0.416203,1,0,0.00104058,
833,0.838004,0.869626,0,0,0,0,0,0,0,1.04051,0.416203,1,0,0.00104058,
834,0.838004,0.901249,0,0,0,0,0,0,0,1.04051,0.416203,1,0,0.00104058,
835,0.838004,0.932872,0,0,0,0,0,0,0,1.02976,0.411902,1,0,0.00104058,
836,0.838004,0.964495,0,0,0,0,0,0,0,0.813786,0.325515,1,0,0.00104058,
837,0.869626,0.0158114,0,0,0,0,0,0,0,0.813786,0.325515,1,0,0.00104058,
838,0.869626,0.0474342,0,0,0,0,0,0,0,1.02976,0.411902,1,0,0.00104058,
839,0.869626,0.0790569,0,0,0,0,0,0,0,1.04051,0.416203,1,0,0.00104058,
840,0.869626,0.11068,0,0,0,0,0,0,0,1.04051,0.416203,1,0,0.00104058,
841,0.869626,0.142302,0,0,0,0,0,0,0,1.04051,0.416203,1,0,0.00104058,
842,0.869626,0.173925,0,0,0,0,0,0,0,1.04051,0.416203,1,0,0.00104058,
843,0.869626,0.205548,0,0,0,0,0,0,0,1.04051,0.416203,1,0,0.00104058,
844,0.869626,0.237171,0,0,0,0,0,0,0,1.04051,0.416203,1,0,0.00104058,
845,0.869626,0.268794,0,0,0,0,0,0,0,1.04051,0.416203,1,0,0.00104058,
846,0.869626,0.300416,0,0,0,0,0,0,0,1.04051,0.416203,1,0,0.00104058,
847,0.869626,0.332039,0,0,0,0,0,0,0,1.04051,0.416203,1,0,0.00104058,
848,0.869626,0.363662,0,0,0,0,0,0,0,1.04051,0.416203,1,0,0.00104058,
849,0.869626,0.395285,0,0,0,0,0,0,0,1.04051,0.416203,1,0,0.00104058,
850,0.869626,0.426907,0,0,0,0,0,0,0,1.04051,0.416203,1,0,0.00104058,
851,0.869626,0.45853,0,0,0,0,0,0,0,1.04051,0.416203,1,0,0.00104058,
852,0.869626,0.490153,0,0,0,0,0,0,0,1.04051,0.416203,1,0,0.00104058,
853,0.869626,0.521776,0,0,0,0,0,0,0,1.04051,0.416203,1,0,0.00104058,
854,0.869626,0.553399,0,0,0,0,0,0,0,1.04051,0.416203,1,0,0.00104058,
855,0.869626,0.585021,0,0,0,0,0,0,0,1.04051,0.416203,1,0,0.00104058,
856,0.869626,0.616644,0,0,0,0,0,0,0,1.04051,0.416203,1,0,0.00104058,
857,0.869626,0.648267,0,0,0,0,0,0,0,1.04051,0.416203,1,0,0.00104058,
858,0.869626,0.67989,0,0,0,0,0,0,0,1.04051,0.416203,1,0,0.00104058,
859,0.869626,0.711512,0,0,0,0,0,0,0,1.04051,0.416203,1,0,0.00104058,
860,0.869626,0.743135,0,0,0,0,0,0,0,1.04051,0.416203,1,0,0.00104058,
861,0.869626,0.774758,0,0,0,0,0,0,0,1.04051,0.416203,1,0,0.00104058,
862,0.869626,0.806381,0,0,0,0,0,0,0,1.04051,0.416203,1,0,0.00104058,
863,0.869626,0.838004,0,0,0,0,0,0,0,1.04051,0.416203,1,0,0.00104058,
864,0.869626,0.869626,0,0,0,0,0,0,0,1.04051,0.416203,1,0,0.00104058,
865,0.869626,0.901249,0,0,0,0,0,0,0,1.04051,0.416203,1,0,0.00104058,
866,0.869626,0.932872,0,0,0,0,0,0,0,1.02976,0.411902,1,0,0.00104058,
867,0.869626,0.964495,0,0,0,0,0,0,0,0.813786,0.325515,1,0,0.00104058,
868,0.901249,0.0158114,0,0,0,0,0,0,0,0.813786,0.325515,1,0,0.00104058,
869,0.901249,0.0474342,0,0,0,0,0,0,0,1.02976,0.411902,1,0,0.00104058,
870,0.901249,0.0790569,0,0,0,0,0,0,0,1.04051,0.416203,1,0,0.00104058,
871,0.901249,0.11068,0,0,0,0,0,0,0,1.04051,0.416203,1,0,0.00104058,
872,0.901249,0.142302,0,0,0,0,0,0,0,1.04051,0.416203,1,0,0.00104058,
873,0.901249,0.173925,0,0,0,0,0,0,0,1.04051,0.416203,1,0,0.00104058,
874,0.901249,0.205548,0,0,0,0,0,0,0,1.04051,0.416203,1,0,0.00104058,
875,0.901249,0.237171,0,0,0,0,0,0,0,1.04051,0.416203,1,0,0.00104058,
876,0.901249,0.268794,0,0,0,0,0,0,0,1.04051,0.416203,1,0,0.00104058,
877,0.901249,0.300416,0,0,0,0,0,0,0,1.04051,0.416203,1,0,0.00104058,
878,0.901249,0.332039,0,0,0,0,0,0,0,1.04051,0.416203,1,0,0.00104058,
879,0.901249,0.363662,0,0,0,0,0,0,0,1.04051,0.416203,1,0,0.00104058,
880,0.901249,0.395285,0,0,0,0,0,0,0,1.04051,0.416203,1,0,0.00104058,
881,0.901249,0.426907,0,0,0,0,0,0,0,1.04051,0.416203,1,0,0.00104058,
882,0.901249,0.45853,0,0,0,0,0,0,0,1.04051,0.416203,1,0,0.00104058,
883,0.901249,0.490153,0,0,0,0,0,0,0,1.04051,0.416203,1,0,0.00104058,
884,0.901249,0.521776,0,0,0,0,0,0,0,1.04051,0.416203,1,0,0.00104058,
885,0.901249,0.553399,0,0,0,0,0,0,0,1.04051,0.416203,1,0,0.00104058,
886,0.901249,0.585021,0,0,0,0,0,0,0,1.04051,0.416203,1,0,0.00104058,
887,0.901249,0.616644,0,0,0,0,0,0,0,1.04051,0.416203,1,0,0.00104058,
888,0.901249,0.648267,0,0,0,0,0,0,0,1.04051,0.416203,1,0,0.00104058,
889,0.901249,0.67989,0,0,0,0,0,0,0,1.04051,0.416203,1,0,0.00104058,
890,0.901249,0.711512,0,0,0,0,0,0,0,1.04051,0.416203,1,0,0.00104058,
891,0.901249,0.743135,0,0,0,0,0,0,0,1.04051,0.416203,1,0,0.00104058,
892,0.901249,0.774758,0,0,0,0,0,0,0,1.04051,0.416203,1,0,0.00104058,
893,0.901249,0.806381,0,0,0,0,0,0,0,1.04051,0.416203,1,0,0.00104058,
894,0.901249,0.838004,0,0,0,0,0,0,0,1.04051,0.416203,1,0,0.00104058,
895,0.901249,0.869626,0,0,0,0,0,0,0,1.04051,0.416203,1,0,0.00104058,
896,0.901249,0.901249,0,0,0,0,0,0,0,1.04051,0.416203,1,0,0.00104058,
897,0.901249,0.932872,0,0,0,0,0,0,0,1.02976,0.411902,1,0,0.00104058,
898,0.901249,0.964495,0,0,0,0,0,0,0,0.813786,0.325515,1,0,0.00104058,
899,0.932872,0.0158114,0,0,0,0,0,0,0,0.813786,0.325515,1,0,0.00104058,
900,0.932872,0.0474342,0,0,0,0,0,0,0,1.02976,0.411902,1,0,0.00104058,
901,0.932872,0.0790569,0,0,0,0,0,0,0,1.04051,0.416203,1,0,0.00104058,
902,0.932872,0.11068,0,0,0,0,0,0,0,1.04051,0.416203,1,0,0.00104058,
903,0.932872,0.142302,0,0,0,0,0,0,0,1.04051,0.416203,1,0,0.00104058,
904,0.932872,0.173925,0,0,0,0,0,0,0,1.04051,0.416203,1,0,0.00104058,
905,0.932872,0.205548,0,0,0,0,0,0,0,1.04051,0.416203,1,0,0.00104058,
906,0.932872,0.237171,0,0,0,0,0,0,0,1.04051,0.416203,1,0,0.00104058,
907,0.932872,0.268794,0,0,0,0,0,0,0,1.04051,0.416203,1,0,0.00104058,
908,0.932872,0.300416,0,0,0,0,0,0,0,1.04051,0.416203,1,0,0.00104058,
909,0.932872,0.332039,0,0,0,0,0,0,0,1.04051,0.416203,1,0,0.00104058,
910,0.932872,0.363662,0,0,0,0,0,0,0,1.04051,0.416203,1,0,0.00104058,
911,0.932872,0.395285,0,0,0,0,0,0,0,1.04051,0.416203,1,0,0.00104058,
912,0.932872,0.426907,0,0,0,0,0,0,0,1.04051,0.416203,1,0,0.00104058,
913,0.932872,0.45853,0,0,0,0,0,0,0,1.04051,0.416203,1,0,0.00104058,
914,0.932872,0.490153,0,0,0,0,0,0,0,1.04051,0.416203,1,0,0.00104058,
915,0.932872,0.521776,0,0,0,0,0,0,0,1.04051,0.416203,1,0,0.00104058,
916,0.932872,0.553399,0,0,0,0,0,0,0,1.04051,0.416203,1,0,0.00104058,
917,0.932872,0.585021,0,0,0,0,0,0,0,1.04051,0.416203,1,0,0.00104058,
918,0.932872,0.616644,0,0,0,0,0,0,0,1.04051,0.416203,1,0,0.00104058,
919,0.932872,0.648267,0,0,0,0,0,0,0,1.04051,0.416203,1,0,0.00104058,
920,0.932872,0.67989,0,0,0,0,0,0,0,1.04051,0.416203,1,0,0.00104058,
921,0.932872,0.711512,0,0,0,0,0,0,0,1.04051,0.416203,1,0,0.00104058,
922,0.932872,0.743135,0,0,0,0,0,0,0,1.04051,0.416203,1,0,0.00104058,
923,0.932872,0.774758,0,0,0,0,0,0,0,1.04051,0.416203,1,0,0.00104058,
924,0.932872,0.806381,0,0,0,0,0,0,0,1.04051,0.416203,1,0,0.00104058,
925,0.932872,0.838004,0,0,0,0,0,0,0,1.04051,0.416203,1,0,0.00104058,
926,0.932872,0.869626,0,0,0,0,0,0,0,1.04051,0.416203,1,0,0.00104058,
927,0.932872,0.901249,0,0,0,0,0,0,0,1.04051,0.416203,1,0,0.00104058,
928,0.932872,0.932872,0,0,0,0,0,0,0,1.02976,0.411902,1,0,0.00104058,
929,0.932872,0.964495,0,0,0,0,0,0,0,0.813786,0.325515,1,0,0.00104058,
930,0.964495,0.0158114,0,0,0,0,0,0,0,0.813786,0.325515,1,0,0.00104058,
931,0.964495,0.0474342,0,0,0,0,0,0,0,1.02976,0.411902,1,0,0.00104058,
932,0.964495,0.0790569,0,0,0,0,0,0,0,1.04051,0.416203,1,0,0.00104058,
933,0.964495,0.11068,0,0,0,0,0,0,0,1.04051,0.416203,1,0,0.00104058,
934,0.964495,0.142302,0,0,0,0,0,0,0,1.04051,0.416203,1,0,0.00104058,
935,0.964495,0.173925,0,0,0,0,0,0,0,1.04051,0.416203,1,0,0.00104058,
936,0.964495,0.205548,0,0,0,0,0,0,0,1.04051,0.416203,1,0,0.00104058,
937,0.964495,0.237171,0,0,0,0,0,0,0,1.04051,0.416203,1,0,0.00104058,
938,0.964495,0.268794,0,0,0,0,0,0,0,1.04051,0.416203,1,0,0.00104058,
939,0.964495,0.300416,0,0,0,0,0,0,0,1.04051,0.416203,1,0,0.00104058,
940,0.964495,0.332039,0,0,0,0,0,0,0,1.04051,0.416203,1,0,0.00104058,
941,0.964495,0.363662,0,0,0,0,0,0,0,1.04051,0.416203,1,0,0.00104058,
942,0.964495,0.395285,0,0,0,0,0,0,0,1.04051,0.416203,1,0,0.00104058,
943,0.964495,0.426907,0,0,0,0,0,0,0,1.04051,0.416203,1,0,0.00104058,
944,0.964495,0.45853,0,0,0,0,0,0,0,1.04051,0.416203,1,0,0.00104058,
945,0.964495,0.490153,0,0,0,0,0,0,0,1.04051,0.416203,1,0,0.00104058,
946,0.964495,0.521776,0,0,0,0,0,0,0,1.04051,0.416203,1,0,0.00104058,
947,0.964495,0.553399,0,0,0,0,0,0,0,1.04051,0.416203,1,0,0.00104058,
948,0.964495,0.585021,0,0,0,0,0,0,0,1.04051,0.416203,1,0,0.00104058,
949,0.964495,0.616644,0,0,0,0,0,0,0,1.04051,0.416203,1,0,0.00104058,
950,0.964495,0.648267,0,0,0,0,0,0,0,1.04051,0.416203,1,0,0.00104058,
951,0.964495,0.67989,0,0,0,0,0,0,0,1.04051,0.416203,1,0,0.00104058,
952,0.964495,0.711512,0,0,0,0,0,0,0,1.04051,0.416203,1,0,0.00104058,
953,0.964495,0.743135,0,0,0,0,0,0,0,1.04051,0.416203,1,0,0.00104058,
954,0.964495,0.774758,0,0,0,0,0,0,0,1.04051,0.416203,1,0,0.00104058,
955,0.964495,0.806381,0,0,0,0,0,0,0,1.04051,0.416203,1,0,0.00104058,
956,0.964495,0.838004,0,0,0,0,0,0,0,1.04051,0.416203,1,0,0.00104058,
957,0.964495,0.869626,0,0,0,0,0,0,0,1.04051,0.416203,1,0,0.00104058,
958,0.964495,0.901249,0,0,0,0,0,0,0,1.04051,0.416203,1,0,0.00104058,
959,0.964495,0.932872,0,0,0,0,0,0,0,1.02976,0.411902,1,0,0.00104058,
960,0.964495,0.964495,0,0,0,0,0,0,0,0.813786,0.325515,1,0,0.00104058,
